MFI Period,Regime Window,ATR Period,Min Stop Dollars,Max Stop Dollars,Risk Per Trade,Max Hold Hours,VWAP Window,regime_params,mfi_entry,bear_exit,bull_exit,total_pnl,sharpe_ratio,win_rate,max_drawdown,total_trades,avg_trade_pnl,signal_quality,regime_contribution
9,20,3,0.5,2.0,0.01,24,45,"{'bear_high_vol': {'position_scale': 1.75, 'reward_risk': 2.5, 'stop_mult': 1.2, 'mfi_overbought': 55, 'trailing_stop': True}, 'bull_high_vol': {'position_scale': 1.0, 'reward_risk': 2.0, 'stop_mult': 1.2, 'mfi_overbought': 65, 'trailing_stop': True}, 'bear_med_vol': {'position_scale': 0.0, 'reward_risk': 2.0, 'stop_mult': 1.2}, 'bull_med_vol': {'position_scale': 0.0, 'reward_risk': 1.5, 'stop_mult': 1.2}, 'bull_low_vol': {'position_scale': 0.0, 'reward_risk': 1.5, 'stop_mult': 1.2}, 'bear_low_vol': {'position_scale': 0.0, 'reward_risk': 1.5, 'stop_mult': 1.2}}",20,55,65,47944.34769999989,0.6996094512983766,0.5180722891566265,-0.18338849325281023,83,577.6427433734926,0.6042860130120477,"{'bear_high_vol': {'trades': 43, 'win_rate': 0.4883720930232558, 'avg_pnl': 1040.821309302324, 'total_pnl': 44755.316299999926, 'contribution': 0.9334847265009307}, 'bull_high_vol': {'trades': 40, 'win_rate': 0.55, 'avg_pnl': 79.72578499999928, 'total_pnl': 3189.031399999971, 'contribution': 0.0665152734990694}}"
9,20,3,0.5,2.0,0.01,24,45,"{'bear_high_vol': {'position_scale': 1.75, 'reward_risk': 2.5, 'stop_mult': 1.2, 'mfi_overbought': 55, 'trailing_stop': True}, 'bull_high_vol': {'position_scale': 1.0, 'reward_risk': 2.0, 'stop_mult': 1.2, 'mfi_overbought': 70, 'trailing_stop': True}, 'bear_med_vol': {'position_scale': 0.0, 'reward_risk': 2.0, 'stop_mult': 1.2}, 'bull_med_vol': {'position_scale': 0.0, 'reward_risk': 1.5, 'stop_mult': 1.2}, 'bull_low_vol': {'position_scale': 0.0, 'reward_risk': 1.5, 'stop_mult': 1.2}, 'bear_low_vol': {'position_scale': 0.0, 'reward_risk': 1.5, 'stop_mult': 1.2}}",20,55,70,52703.63769999987,0.7653832235793545,0.5180722891566265,-0.18338849325281,83,634.9835867469864,0.6272223503614452,"{'bear_high_vol': {'trades': 43, 'win_rate': 0.4883720930232558, 'avg_pnl': 1040.821309302324, 'total_pnl': 44755.316299999926, 'contribution': 0.8491883720580455}, 'bull_high_vol': {'trades': 40, 'win_rate': 0.55, 'avg_pnl': 198.70803499999857, 'total_pnl': 7948.3213999999425, 'contribution': 0.1508116279419544}}"
9,20,3,0.5,2.0,0.01,24,45,"{'bear_high_vol': {'position_scale': 1.75, 'reward_risk': 2.5, 'stop_mult': 1.2, 'mfi_overbought': 55, 'trailing_stop': True}, 'bull_high_vol': {'position_scale': 1.0, 'reward_risk': 2.0, 'stop_mult': 1.2, 'mfi_overbought': 75, 'trailing_stop': True}, 'bear_med_vol': {'position_scale': 0.0, 'reward_risk': 2.0, 'stop_mult': 1.2}, 'bull_med_vol': {'position_scale': 0.0, 'reward_risk': 1.5, 'stop_mult': 1.2}, 'bull_low_vol': {'position_scale': 0.0, 'reward_risk': 1.5, 'stop_mult': 1.2}, 'bear_low_vol': {'position_scale': 0.0, 'reward_risk': 1.5, 'stop_mult': 1.2}}",20,55,75,53513.75769999988,0.776610969730083,0.5180722891566265,-0.18338849325281037,83,644.7440686746974,0.6311265431325296,"{'bear_high_vol': {'trades': 43, 'win_rate': 0.4883720930232558, 'avg_pnl': 1040.821309302324, 'total_pnl': 44755.316299999926, 'contribution': 0.8363329024827578}, 'bull_high_vol': {'trades': 40, 'win_rate': 0.55, 'avg_pnl': 218.96103499999862, 'total_pnl': 8758.441399999945, 'contribution': 0.1636670975172421}}"
9,20,3,0.5,2.0,0.01,24,45,"{'bear_high_vol': {'position_scale': 1.75, 'reward_risk': 2.5, 'stop_mult': 1.2, 'mfi_overbought': 60, 'trailing_stop': True}, 'bull_high_vol': {'position_scale': 1.0, 'reward_risk': 2.0, 'stop_mult': 1.2, 'mfi_overbought': 65, 'trailing_stop': True}, 'bear_med_vol': {'position_scale': 0.0, 'reward_risk': 2.0, 'stop_mult': 1.2}, 'bull_med_vol': {'position_scale': 0.0, 'reward_risk': 1.5, 'stop_mult': 1.2}, 'bull_low_vol': {'position_scale': 0.0, 'reward_risk': 1.5, 'stop_mult': 1.2}, 'bear_low_vol': {'position_scale': 0.0, 'reward_risk': 1.5, 'stop_mult': 1.2}}",20,60,65,50324.038499999835,0.7169909770365895,0.5180722891566265,-0.20291446600554622,83,606.3137168674679,0.6157544024096377,"{'bear_high_vol': {'trades': 43, 'win_rate': 0.4883720930232558, 'avg_pnl': 1096.1629558139505, 'total_pnl': 47135.00709999987, 'contribution': 0.9366300580188934}, 'bull_high_vol': {'trades': 40, 'win_rate': 0.55, 'avg_pnl': 79.72578499999928, 'total_pnl': 3189.031399999971, 'contribution': 0.06336994198110674}}"
9,20,3,0.5,2.0,0.01,24,45,"{'bear_high_vol': {'position_scale': 1.75, 'reward_risk': 2.5, 'stop_mult': 1.2, 'mfi_overbought': 60, 'trailing_stop': True}, 'bull_high_vol': {'position_scale': 1.0, 'reward_risk': 2.0, 'stop_mult': 1.2, 'mfi_overbought': 70, 'trailing_stop': True}, 'bear_med_vol': {'position_scale': 0.0, 'reward_risk': 2.0, 'stop_mult': 1.2}, 'bull_med_vol': {'position_scale': 0.0, 'reward_risk': 1.5, 'stop_mult': 1.2}, 'bull_low_vol': {'position_scale': 0.0, 'reward_risk': 1.5, 'stop_mult': 1.2}, 'bear_low_vol': {'position_scale': 0.0, 'reward_risk': 1.5, 'stop_mult': 1.2}}",20,60,70,55083.32849999981,0.7812302389634821,0.5180722891566265,-0.20291446600554597,83,663.6545602409615,0.6386907397590352,"{'bear_high_vol': {'trades': 43, 'win_rate': 0.4883720930232558, 'avg_pnl': 1096.1629558139505, 'total_pnl': 47135.00709999987, 'contribution': 0.855703683556451}, 'bull_high_vol': {'trades': 40, 'win_rate': 0.55, 'avg_pnl': 198.70803499999857, 'total_pnl': 7948.3213999999425, 'contribution': 0.14429631644354918}}"
9,20,3,0.5,2.0,0.01,24,45,"{'bear_high_vol': {'position_scale': 1.75, 'reward_risk': 2.5, 'stop_mult': 1.2, 'mfi_overbought': 60, 'trailing_stop': True}, 'bull_high_vol': {'position_scale': 1.0, 'reward_risk': 2.0, 'stop_mult': 1.2, 'mfi_overbought': 75, 'trailing_stop': True}, 'bear_med_vol': {'position_scale': 0.0, 'reward_risk': 2.0, 'stop_mult': 1.2}, 'bull_med_vol': {'position_scale': 0.0, 'reward_risk': 1.5, 'stop_mult': 1.2}, 'bull_low_vol': {'position_scale': 0.0, 'reward_risk': 1.5, 'stop_mult': 1.2}, 'bear_low_vol': {'position_scale': 0.0, 'reward_risk': 1.5, 'stop_mult': 1.2}}",20,60,75,55893.44849999981,0.7921985508605295,0.5180722891566265,-0.20291446600554652,83,673.4150421686724,0.6425949325301196,"{'bear_high_vol': {'trades': 43, 'win_rate': 0.4883720930232558, 'avg_pnl': 1096.1629558139505, 'total_pnl': 47135.00709999987, 'contribution': 0.843301108894722}, 'bull_high_vol': {'trades': 40, 'win_rate': 0.55, 'avg_pnl': 218.96103499999862, 'total_pnl': 8758.441399999945, 'contribution': 0.1566988911052782}}"
9,20,3,0.5,2.0,0.01,24,45,"{'bear_high_vol': {'position_scale': 1.75, 'reward_risk': 2.5, 'stop_mult': 1.2, 'mfi_overbought': 65, 'trailing_stop': True}, 'bull_high_vol': {'position_scale': 1.0, 'reward_risk': 2.0, 'stop_mult': 1.2, 'mfi_overbought': 65, 'trailing_stop': True}, 'bear_med_vol': {'position_scale': 0.0, 'reward_risk': 2.0, 'stop_mult': 1.2}, 'bull_med_vol': {'position_scale': 0.0, 'reward_risk': 1.5, 'stop_mult': 1.2}, 'bull_low_vol': {'position_scale': 0.0, 'reward_risk': 1.5, 'stop_mult': 1.2}, 'bear_low_vol': {'position_scale': 0.0, 'reward_risk': 1.5, 'stop_mult': 1.2}}",20,65,65,45206.48849999989,0.637371670935633,0.5060240963855421,-0.2336411214285035,83,544.656487951806,0.5862722337349393,"{'bear_high_vol': {'trades': 43, 'win_rate': 0.46511627906976744, 'avg_pnl': 977.1501651162773, 'total_pnl': 42017.45709999993, 'contribution': 0.9294563345702028}, 'bull_high_vol': {'trades': 40, 'win_rate': 0.55, 'avg_pnl': 79.72578499999928, 'total_pnl': 3189.031399999971, 'contribution': 0.0705436654297973}}"
9,20,3,0.5,2.0,0.01,24,45,"{'bear_high_vol': {'position_scale': 1.75, 'reward_risk': 2.5, 'stop_mult': 1.2, 'mfi_overbought': 65, 'trailing_stop': True}, 'bull_high_vol': {'position_scale': 1.0, 'reward_risk': 2.0, 'stop_mult': 1.2, 'mfi_overbought': 70, 'trailing_stop': True}, 'bear_med_vol': {'position_scale': 0.0, 'reward_risk': 2.0, 'stop_mult': 1.2}, 'bull_med_vol': {'position_scale': 0.0, 'reward_risk': 1.5, 'stop_mult': 1.2}, 'bull_low_vol': {'position_scale': 0.0, 'reward_risk': 1.5, 'stop_mult': 1.2}, 'bear_low_vol': {'position_scale': 0.0, 'reward_risk': 1.5, 'stop_mult': 1.2}}",20,65,70,49965.77849999987,0.7013226347543641,0.5060240963855421,-0.23364112142850293,83,601.9973313252997,0.6092085710843368,"{'bear_high_vol': {'trades': 43, 'win_rate': 0.46511627906976744, 'avg_pnl': 977.1501651162773, 'total_pnl': 42017.45709999993, 'contribution': 0.8409246960897454}, 'bull_high_vol': {'trades': 40, 'win_rate': 0.55, 'avg_pnl': 198.70803499999857, 'total_pnl': 7948.3213999999425, 'contribution': 0.15907530391025457}}"
9,20,3,0.5,2.0,0.01,24,45,"{'bear_high_vol': {'position_scale': 1.75, 'reward_risk': 2.5, 'stop_mult': 1.2, 'mfi_overbought': 65, 'trailing_stop': True}, 'bull_high_vol': {'position_scale': 1.0, 'reward_risk': 2.0, 'stop_mult': 1.2, 'mfi_overbought': 75, 'trailing_stop': True}, 'bear_med_vol': {'position_scale': 0.0, 'reward_risk': 2.0, 'stop_mult': 1.2}, 'bull_med_vol': {'position_scale': 0.0, 'reward_risk': 1.5, 'stop_mult': 1.2}, 'bull_low_vol': {'position_scale': 0.0, 'reward_risk': 1.5, 'stop_mult': 1.2}, 'bear_low_vol': {'position_scale': 0.0, 'reward_risk': 1.5, 'stop_mult': 1.2}}",20,65,75,50775.89849999988,0.7122321110338564,0.5060240963855421,-0.23364112142850318,83,611.7578132530106,0.6131127638554211,"{'bear_high_vol': {'trades': 43, 'win_rate': 0.46511627906976744, 'avg_pnl': 977.1501651162773, 'total_pnl': 42017.45709999993, 'contribution': 0.8275078992447573}, 'bull_high_vol': {'trades': 40, 'win_rate': 0.55, 'avg_pnl': 218.96103499999862, 'total_pnl': 8758.441399999945, 'contribution': 0.1724921007552425}}"
9,20,3,0.5,2.0,0.01,24,45,"{'bear_high_vol': {'position_scale': 1.75, 'reward_risk': 2.5, 'stop_mult': 1.2, 'mfi_overbought': 55, 'trailing_stop': True}, 'bull_high_vol': {'position_scale': 1.0, 'reward_risk': 2.0, 'stop_mult': 1.2, 'mfi_overbought': 65, 'trailing_stop': True}, 'bear_med_vol': {'position_scale': 0.0, 'reward_risk': 2.0, 'stop_mult': 1.2}, 'bull_med_vol': {'position_scale': 0.0, 'reward_risk': 1.5, 'stop_mult': 1.2}, 'bull_low_vol': {'position_scale': 0.0, 'reward_risk': 1.5, 'stop_mult': 1.2}, 'bear_low_vol': {'position_scale': 0.0, 'reward_risk': 1.5, 'stop_mult': 1.2}}",25,55,65,59583.917999999714,0.8502109147149741,0.5483870967741935,-0.11829683154541597,93,640.6872903225776,0.6616297548387086,"{'bear_high_vol': {'trades': 47, 'win_rate': 0.5319148936170213, 'avg_pnl': 1158.1666234042511, 'total_pnl': 54433.8312999998, 'contribution': 0.9135658266044214}, 'bull_high_vol': {'trades': 46, 'win_rate': 0.5652173913043478, 'avg_pnl': 111.95840652173739, 'total_pnl': 5150.08669999992, 'contribution': 0.08643417339557873}}"
9,20,3,0.5,2.0,0.01,24,45,"{'bear_high_vol': {'position_scale': 1.75, 'reward_risk': 2.5, 'stop_mult': 1.2, 'mfi_overbought': 55, 'trailing_stop': True}, 'bull_high_vol': {'position_scale': 1.0, 'reward_risk': 2.0, 'stop_mult': 1.2, 'mfi_overbought': 70, 'trailing_stop': True}, 'bear_med_vol': {'position_scale': 0.0, 'reward_risk': 2.0, 'stop_mult': 1.2}, 'bull_med_vol': {'position_scale': 0.0, 'reward_risk': 1.5, 'stop_mult': 1.2}, 'bull_low_vol': {'position_scale': 0.0, 'reward_risk': 1.5, 'stop_mult': 1.2}, 'bear_low_vol': {'position_scale': 0.0, 'reward_risk': 1.5, 'stop_mult': 1.2}}",25,55,70,62527.54799999969,0.8898696244572649,0.5483870967741935,-0.11829683154541602,93,672.3392258064483,0.6742905290322568,"{'bear_high_vol': {'trades': 47, 'win_rate': 0.5319148936170213, 'avg_pnl': 1158.1666234042511, 'total_pnl': 54433.8312999998, 'contribution': 0.8705575868735501}, 'bull_high_vol': {'trades': 46, 'win_rate': 0.5652173913043478, 'avg_pnl': 175.9503630434761, 'total_pnl': 8093.716699999901, 'contribution': 0.12944241312645013}}"
9,20,3,0.5,2.0,0.01,24,45,"{'bear_high_vol': {'position_scale': 1.75, 'reward_risk': 2.5, 'stop_mult': 1.2, 'mfi_overbought': 55, 'trailing_stop': True}, 'bull_high_vol': {'position_scale': 1.0, 'reward_risk': 2.0, 'stop_mult': 1.2, 'mfi_overbought': 75, 'trailing_stop': True}, 'bear_med_vol': {'position_scale': 0.0, 'reward_risk': 2.0, 'stop_mult': 1.2}, 'bull_med_vol': {'position_scale': 0.0, 'reward_risk': 1.5, 'stop_mult': 1.2}, 'bull_low_vol': {'position_scale': 0.0, 'reward_risk': 1.5, 'stop_mult': 1.2}, 'bear_low_vol': {'position_scale': 0.0, 'reward_risk': 1.5, 'stop_mult': 1.2}}",25,55,75,63337.6679999997,0.9008063768627944,0.5483870967741935,-0.11829683154541597,93,681.0501935483838,0.677774916129031,"{'bear_high_vol': {'trades': 47, 'win_rate': 0.5319148936170213, 'avg_pnl': 1158.1666234042511, 'total_pnl': 54433.8312999998, 'contribution': 0.8594227261414181}, 'bull_high_vol': {'trades': 46, 'win_rate': 0.5652173913043478, 'avg_pnl': 193.56166739130225, 'total_pnl': 8903.836699999903, 'contribution': 0.140577273858582}}"
9,20,3,0.5,2.0,0.01,24,45,"{'bear_high_vol': {'position_scale': 1.75, 'reward_risk': 2.5, 'stop_mult': 1.2, 'mfi_overbought': 60, 'trailing_stop': True}, 'bull_high_vol': {'position_scale': 1.0, 'reward_risk': 2.0, 'stop_mult': 1.2, 'mfi_overbought': 65, 'trailing_stop': True}, 'bear_med_vol': {'position_scale': 0.0, 'reward_risk': 2.0, 'stop_mult': 1.2}, 'bull_med_vol': {'position_scale': 0.0, 'reward_risk': 1.5, 'stop_mult': 1.2}, 'bull_low_vol': {'position_scale': 0.0, 'reward_risk': 1.5, 'stop_mult': 1.2}, 'bear_low_vol': {'position_scale': 0.0, 'reward_risk': 1.5, 'stop_mult': 1.2}}",25,60,65,62133.66599999965,0.866403771965434,0.5483870967741935,-0.11707192818797325,93,668.1039354838672,0.6725964129032244,"{'bear_high_vol': {'trades': 47, 'win_rate': 0.5319148936170213, 'avg_pnl': 1212.4165808510584, 'total_pnl': 56983.57929999974, 'contribution': 0.9171127823038812}, 'bull_high_vol': {'trades': 46, 'win_rate': 0.5652173913043478, 'avg_pnl': 111.95840652173739, 'total_pnl': 5150.08669999992, 'contribution': 0.08288721769611902}}"
9,20,3,0.5,2.0,0.01,24,45,"{'bear_high_vol': {'position_scale': 1.75, 'reward_risk': 2.5, 'stop_mult': 1.2, 'mfi_overbought': 60, 'trailing_stop': True}, 'bull_high_vol': {'position_scale': 1.0, 'reward_risk': 2.0, 'stop_mult': 1.2, 'mfi_overbought': 70, 'trailing_stop': True}, 'bear_med_vol': {'position_scale': 0.0, 'reward_risk': 2.0, 'stop_mult': 1.2}, 'bull_med_vol': {'position_scale': 0.0, 'reward_risk': 1.5, 'stop_mult': 1.2}, 'bull_low_vol': {'position_scale': 0.0, 'reward_risk': 1.5, 'stop_mult': 1.2}, 'bear_low_vol': {'position_scale': 0.0, 'reward_risk': 1.5, 'stop_mult': 1.2}}",25,60,70,65077.295999999624,0.90517811437987,0.5483870967741935,-0.11681569936853461,93,699.7558709677379,0.6852571870967726,"{'bear_high_vol': {'trades': 47, 'win_rate': 0.5319148936170213, 'avg_pnl': 1212.4165808510584, 'total_pnl': 56983.57929999974, 'contribution': 0.8756291794914169}, 'bull_high_vol': {'trades': 46, 'win_rate': 0.5652173913043478, 'avg_pnl': 175.9503630434761, 'total_pnl': 8093.716699999901, 'contribution': 0.12437082050858332}}"
9,20,3,0.5,2.0,0.01,24,45,"{'bear_high_vol': {'position_scale': 1.75, 'reward_risk': 2.5, 'stop_mult': 1.2, 'mfi_overbought': 60, 'trailing_stop': True}, 'bull_high_vol': {'position_scale': 1.0, 'reward_risk': 2.0, 'stop_mult': 1.2, 'mfi_overbought': 75, 'trailing_stop': True}, 'bear_med_vol': {'position_scale': 0.0, 'reward_risk': 2.0, 'stop_mult': 1.2}, 'bull_med_vol': {'position_scale': 0.0, 'reward_risk': 1.5, 'stop_mult': 1.2}, 'bull_low_vol': {'position_scale': 0.0, 'reward_risk': 1.5, 'stop_mult': 1.2}, 'bear_low_vol': {'position_scale': 0.0, 'reward_risk': 1.5, 'stop_mult': 1.2}}",25,60,75,65887.41599999963,0.9158722317857725,0.5483870967741935,-0.1168156993685346,93,708.4668387096734,0.6887415741935469,"{'bear_high_vol': {'trades': 47, 'win_rate': 0.5319148936170213, 'avg_pnl': 1212.4165808510584, 'total_pnl': 56983.57929999974, 'contribution': 0.8648628639496206}, 'bull_high_vol': {'trades': 46, 'win_rate': 0.5652173913043478, 'avg_pnl': 193.56166739130225, 'total_pnl': 8903.836699999903, 'contribution': 0.13513713605037952}}"
9,20,3,0.5,2.0,0.01,24,45,"{'bear_high_vol': {'position_scale': 1.75, 'reward_risk': 2.5, 'stop_mult': 1.2, 'mfi_overbought': 65, 'trailing_stop': True}, 'bull_high_vol': {'position_scale': 1.0, 'reward_risk': 2.0, 'stop_mult': 1.2, 'mfi_overbought': 65, 'trailing_stop': True}, 'bear_med_vol': {'position_scale': 0.0, 'reward_risk': 2.0, 'stop_mult': 1.2}, 'bull_med_vol': {'position_scale': 0.0, 'reward_risk': 1.5, 'stop_mult': 1.2}, 'bull_low_vol': {'position_scale': 0.0, 'reward_risk': 1.5, 'stop_mult': 1.2}, 'bear_low_vol': {'position_scale': 0.0, 'reward_risk': 1.5, 'stop_mult': 1.2}}",25,65,65,57016.1159999997,0.7870720375716486,0.5376344086021505,-0.1511077066192648,93,613.0765161290291,0.6462843698924718,"{'bear_high_vol': {'trades': 47, 'win_rate': 0.5106382978723404, 'avg_pnl': 1103.5325382978676, 'total_pnl': 51866.029299999784, 'contribution': 0.9096731404854034}, 'bull_high_vol': {'trades': 46, 'win_rate': 0.5652173913043478, 'avg_pnl': 111.95840652173739, 'total_pnl': 5150.08669999992, 'contribution': 0.09032685951459665}}"
9,20,3,0.5,2.0,0.01,24,45,"{'bear_high_vol': {'position_scale': 1.75, 'reward_risk': 2.5, 'stop_mult': 1.2, 'mfi_overbought': 65, 'trailing_stop': True}, 'bull_high_vol': {'position_scale': 1.0, 'reward_risk': 2.0, 'stop_mult': 1.2, 'mfi_overbought': 70, 'trailing_stop': True}, 'bear_med_vol': {'position_scale': 0.0, 'reward_risk': 2.0, 'stop_mult': 1.2}, 'bull_med_vol': {'position_scale': 0.0, 'reward_risk': 1.5, 'stop_mult': 1.2}, 'bull_low_vol': {'position_scale': 0.0, 'reward_risk': 1.5, 'stop_mult': 1.2}, 'bear_low_vol': {'position_scale': 0.0, 'reward_risk': 1.5, 'stop_mult': 1.2}}",25,65,70,59959.74599999968,0.8256663250309768,0.5376344086021505,-0.1508036850509876,93,644.7284516128998,0.6589451440860202,"{'bear_high_vol': {'trades': 47, 'win_rate': 0.5106382978723404, 'avg_pnl': 1103.5325382978676, 'total_pnl': 51866.029299999784, 'contribution': 0.8650141596663878}, 'bull_high_vol': {'trades': 46, 'win_rate': 0.5652173913043478, 'avg_pnl': 175.9503630434761, 'total_pnl': 8093.716699999901, 'contribution': 0.13498584033361222}}"
9,20,3,0.5,2.0,0.01,24,45,"{'bear_high_vol': {'position_scale': 1.75, 'reward_risk': 2.5, 'stop_mult': 1.2, 'mfi_overbought': 65, 'trailing_stop': True}, 'bull_high_vol': {'position_scale': 1.0, 'reward_risk': 2.0, 'stop_mult': 1.2, 'mfi_overbought': 75, 'trailing_stop': True}, 'bear_med_vol': {'position_scale': 0.0, 'reward_risk': 2.0, 'stop_mult': 1.2}, 'bull_med_vol': {'position_scale': 0.0, 'reward_risk': 1.5, 'stop_mult': 1.2}, 'bull_low_vol': {'position_scale': 0.0, 'reward_risk': 1.5, 'stop_mult': 1.2}, 'bear_low_vol': {'position_scale': 0.0, 'reward_risk': 1.5, 'stop_mult': 1.2}}",25,65,75,60769.86599999968,0.8363055689472505,0.5376344086021505,-0.15080368505098765,93,653.4394193548353,0.6624295311827944,"{'bear_high_vol': {'trades': 47, 'win_rate': 0.5106382978723404, 'avg_pnl': 1103.5325382978676, 'total_pnl': 51866.029299999784, 'contribution': 0.8534826997972985}, 'bull_high_vol': {'trades': 46, 'win_rate': 0.5652173913043478, 'avg_pnl': 193.56166739130225, 'total_pnl': 8903.836699999903, 'contribution': 0.14651730020270162}}"
9,20,3,0.5,2.0,0.01,24,45,"{'bear_high_vol': {'position_scale': 1.75, 'reward_risk': 2.5, 'stop_mult': 1.2, 'mfi_overbought': 55, 'trailing_stop': True}, 'bull_high_vol': {'position_scale': 1.0, 'reward_risk': 2.0, 'stop_mult': 1.2, 'mfi_overbought': 65, 'trailing_stop': True}, 'bear_med_vol': {'position_scale': 0.0, 'reward_risk': 2.0, 'stop_mult': 1.2}, 'bull_med_vol': {'position_scale': 0.0, 'reward_risk': 1.5, 'stop_mult': 1.2}, 'bull_low_vol': {'position_scale': 0.0, 'reward_risk': 1.5, 'stop_mult': 1.2}, 'bear_low_vol': {'position_scale': 0.0, 'reward_risk': 1.5, 'stop_mult': 1.2}}",30,55,65,80916.3679999997,1.0976805825235234,0.5769230769230769,-0.11060141446146114,104,778.0419999999971,0.7419860307692296,"{'bear_high_vol': {'trades': 54, 'win_rate': 0.5555555555555556, 'avg_pnl': 1356.4191907407364, 'total_pnl': 73246.63629999977, 'contribution': 0.9052140884524135}, 'bull_high_vol': {'trades': 50, 'win_rate': 0.6, 'avg_pnl': 153.3946339999989, 'total_pnl': 7669.731699999944, 'contribution': 0.09478591154758667}}"
9,20,3,0.5,2.0,0.01,24,45,"{'bear_high_vol': {'position_scale': 1.75, 'reward_risk': 2.5, 'stop_mult': 1.2, 'mfi_overbought': 55, 'trailing_stop': True}, 'bull_high_vol': {'position_scale': 1.0, 'reward_risk': 2.0, 'stop_mult': 1.2, 'mfi_overbought': 70, 'trailing_stop': True}, 'bear_med_vol': {'position_scale': 0.0, 'reward_risk': 2.0, 'stop_mult': 1.2}, 'bull_med_vol': {'position_scale': 0.0, 'reward_risk': 1.5, 'stop_mult': 1.2}, 'bull_low_vol': {'position_scale': 0.0, 'reward_risk': 1.5, 'stop_mult': 1.2}, 'bear_low_vol': {'position_scale': 0.0, 'reward_risk': 1.5, 'stop_mult': 1.2}}",30,55,70,83681.12299999967,1.1324278543072568,0.5769230769230769,-0.10787254315509424,104,804.6261826923045,0.7526197038461526,"{'bear_high_vol': {'trades': 54, 'win_rate': 0.5555555555555556, 'avg_pnl': 1356.4191907407364, 'total_pnl': 73246.63629999977, 'contribution': 0.8753065646597508}, 'bull_high_vol': {'trades': 50, 'win_rate': 0.6, 'avg_pnl': 208.6897339999984, 'total_pnl': 10434.48669999992, 'contribution': 0.12469343534024944}}"
9,20,3,0.5,2.0,0.01,24,45,"{'bear_high_vol': {'position_scale': 1.75, 'reward_risk': 2.5, 'stop_mult': 1.2, 'mfi_overbought': 55, 'trailing_stop': True}, 'bull_high_vol': {'position_scale': 1.0, 'reward_risk': 2.0, 'stop_mult': 1.2, 'mfi_overbought': 75, 'trailing_stop': True}, 'bear_med_vol': {'position_scale': 0.0, 'reward_risk': 2.0, 'stop_mult': 1.2}, 'bull_med_vol': {'position_scale': 0.0, 'reward_risk': 1.5, 'stop_mult': 1.2}, 'bull_low_vol': {'position_scale': 0.0, 'reward_risk': 1.5, 'stop_mult': 1.2}, 'bear_low_vol': {'position_scale': 0.0, 'reward_risk': 1.5, 'stop_mult': 1.2}}",30,55,75,84491.24299999967,1.1427254445942046,0.5769230769230769,-0.10787254315509422,104,812.4157980769198,0.7557355499999987,"{'bear_high_vol': {'trades': 54, 'win_rate': 0.5555555555555556, 'avg_pnl': 1356.4191907407364, 'total_pnl': 73246.63629999977, 'contribution': 0.8669139392350999}, 'bull_high_vol': {'trades': 50, 'win_rate': 0.6, 'avg_pnl': 224.89213399999844, 'total_pnl': 11244.606699999922, 'contribution': 0.1330860607649004}}"
9,20,3,0.5,2.0,0.01,24,45,"{'bear_high_vol': {'position_scale': 1.75, 'reward_risk': 2.5, 'stop_mult': 1.2, 'mfi_overbought': 60, 'trailing_stop': True}, 'bull_high_vol': {'position_scale': 1.0, 'reward_risk': 2.0, 'stop_mult': 1.2, 'mfi_overbought': 65, 'trailing_stop': True}, 'bear_med_vol': {'position_scale': 0.0, 'reward_risk': 2.0, 'stop_mult': 1.2}, 'bull_med_vol': {'position_scale': 0.0, 'reward_risk': 1.5, 'stop_mult': 1.2}, 'bull_low_vol': {'position_scale': 0.0, 'reward_risk': 1.5, 'stop_mult': 1.2}, 'bear_low_vol': {'position_scale': 0.0, 'reward_risk': 1.5, 'stop_mult': 1.2}}",30,60,65,81837.01599999957,1.0874768708206235,0.5673076923076923,-0.10988350078328077,104,786.8943846153804,0.7416808307692291,"{'bear_high_vol': {'trades': 54, 'win_rate': 0.5370370370370371, 'avg_pnl': 1373.4682277777708, 'total_pnl': 74167.28429999962, 'contribution': 0.9062804086111841}, 'bull_high_vol': {'trades': 50, 'win_rate': 0.6, 'avg_pnl': 153.3946339999989, 'total_pnl': 7669.731699999944, 'contribution': 0.09371959138881585}}"
9,20,3,0.5,2.0,0.01,24,45,"{'bear_high_vol': {'position_scale': 1.75, 'reward_risk': 2.5, 'stop_mult': 1.2, 'mfi_overbought': 60, 'trailing_stop': True}, 'bull_high_vol': {'position_scale': 1.0, 'reward_risk': 2.0, 'stop_mult': 1.2, 'mfi_overbought': 70, 'trailing_stop': True}, 'bear_med_vol': {'position_scale': 0.0, 'reward_risk': 2.0, 'stop_mult': 1.2}, 'bull_med_vol': {'position_scale': 0.0, 'reward_risk': 1.5, 'stop_mult': 1.2}, 'bull_low_vol': {'position_scale': 0.0, 'reward_risk': 1.5, 'stop_mult': 1.2}, 'bear_low_vol': {'position_scale': 0.0, 'reward_risk': 1.5, 'stop_mult': 1.2}}",30,60,70,84601.77099999954,1.1215962918845954,0.5673076923076923,-0.10715242675917994,104,813.4785673076879,0.7523145038461521,"{'bear_high_vol': {'trades': 54, 'win_rate': 0.5370370370370371, 'avg_pnl': 1373.4682277777708, 'total_pnl': 74167.28429999962, 'contribution': 0.8766634956140578}, 'bull_high_vol': {'trades': 50, 'win_rate': 0.6, 'avg_pnl': 208.6897339999984, 'total_pnl': 10434.48669999992, 'contribution': 0.12333650438594218}}"
9,20,3,0.5,2.0,0.01,24,45,"{'bear_high_vol': {'position_scale': 1.75, 'reward_risk': 2.5, 'stop_mult': 1.2, 'mfi_overbought': 60, 'trailing_stop': True}, 'bull_high_vol': {'position_scale': 1.0, 'reward_risk': 2.0, 'stop_mult': 1.2, 'mfi_overbought': 75, 'trailing_stop': True}, 'bear_med_vol': {'position_scale': 0.0, 'reward_risk': 2.0, 'stop_mult': 1.2}, 'bull_med_vol': {'position_scale': 0.0, 'reward_risk': 1.5, 'stop_mult': 1.2}, 'bull_low_vol': {'position_scale': 0.0, 'reward_risk': 1.5, 'stop_mult': 1.2}, 'bear_low_vol': {'position_scale': 0.0, 'reward_risk': 1.5, 'stop_mult': 1.2}}",30,60,75,85411.89099999955,1.131704402615232,0.5673076923076923,-0.10715242675917998,104,821.2681826923034,0.7554303499999984,"{'bear_high_vol': {'trades': 54, 'win_rate': 0.5370370370370371, 'avg_pnl': 1373.4682277777708, 'total_pnl': 74167.28429999962, 'contribution': 0.8683484633304748}, 'bull_high_vol': {'trades': 50, 'win_rate': 0.6, 'avg_pnl': 224.89213399999844, 'total_pnl': 11244.606699999922, 'contribution': 0.13165153666952512}}"
9,20,3,0.5,2.0,0.01,24,45,"{'bear_high_vol': {'position_scale': 1.75, 'reward_risk': 2.5, 'stop_mult': 1.2, 'mfi_overbought': 65, 'trailing_stop': True}, 'bull_high_vol': {'position_scale': 1.0, 'reward_risk': 2.0, 'stop_mult': 1.2, 'mfi_overbought': 65, 'trailing_stop': True}, 'bear_med_vol': {'position_scale': 0.0, 'reward_risk': 2.0, 'stop_mult': 1.2}, 'bull_med_vol': {'position_scale': 0.0, 'reward_risk': 1.5, 'stop_mult': 1.2}, 'bull_low_vol': {'position_scale': 0.0, 'reward_risk': 1.5, 'stop_mult': 1.2}, 'bear_low_vol': {'position_scale': 0.0, 'reward_risk': 1.5, 'stop_mult': 1.2}}",30,65,65,76038.94599999962,1.0009717803108351,0.5480769230769231,-0.10988350078328069,104,731.1437115384579,0.7116882538461524,"{'bear_high_vol': {'trades': 54, 'win_rate': 0.5, 'avg_pnl': 1266.096561111105, 'total_pnl': 68369.21429999967, 'contribution': 0.8991341660627439}, 'bull_high_vol': {'trades': 50, 'win_rate': 0.6, 'avg_pnl': 153.3946339999989, 'total_pnl': 7669.731699999944, 'contribution': 0.10086583393725608}}"
9,20,3,0.5,2.0,0.01,24,45,"{'bear_high_vol': {'position_scale': 1.75, 'reward_risk': 2.5, 'stop_mult': 1.2, 'mfi_overbought': 65, 'trailing_stop': True}, 'bull_high_vol': {'position_scale': 1.0, 'reward_risk': 2.0, 'stop_mult': 1.2, 'mfi_overbought': 70, 'trailing_stop': True}, 'bear_med_vol': {'position_scale': 0.0, 'reward_risk': 2.0, 'stop_mult': 1.2}, 'bull_med_vol': {'position_scale': 0.0, 'reward_risk': 1.5, 'stop_mult': 1.2}, 'bull_low_vol': {'position_scale': 0.0, 'reward_risk': 1.5, 'stop_mult': 1.2}, 'bear_low_vol': {'position_scale': 0.0, 'reward_risk': 1.5, 'stop_mult': 1.2}}",30,65,70,78803.7009999996,1.0349831820774376,0.5480769230769231,-0.10715242675917981,104,757.7278942307653,0.7223219269230754,"{'bear_high_vol': {'trades': 54, 'win_rate': 0.5, 'avg_pnl': 1266.096561111105, 'total_pnl': 68369.21429999967, 'contribution': 0.8675888750453488}, 'bull_high_vol': {'trades': 50, 'win_rate': 0.6, 'avg_pnl': 208.6897339999984, 'total_pnl': 10434.48669999992, 'contribution': 0.1324111249546512}}"
9,20,3,0.5,2.0,0.01,24,45,"{'bear_high_vol': {'position_scale': 1.75, 'reward_risk': 2.5, 'stop_mult': 1.2, 'mfi_overbought': 65, 'trailing_stop': True}, 'bull_high_vol': {'position_scale': 1.0, 'reward_risk': 2.0, 'stop_mult': 1.2, 'mfi_overbought': 75, 'trailing_stop': True}, 'bear_med_vol': {'position_scale': 0.0, 'reward_risk': 2.0, 'stop_mult': 1.2}, 'bull_med_vol': {'position_scale': 0.0, 'reward_risk': 1.5, 'stop_mult': 1.2}, 'bull_low_vol': {'position_scale': 0.0, 'reward_risk': 1.5, 'stop_mult': 1.2}, 'bear_low_vol': {'position_scale': 0.0, 'reward_risk': 1.5, 'stop_mult': 1.2}}",30,65,75,79613.8209999996,1.0450469638056497,0.5480769230769231,-0.10715242675918,104,765.5175096153808,0.7254377730769217,"{'bear_high_vol': {'trades': 54, 'win_rate': 0.5, 'avg_pnl': 1266.096561111105, 'total_pnl': 68369.21429999967, 'contribution': 0.8587606202194468}, 'bull_high_vol': {'trades': 50, 'win_rate': 0.6, 'avg_pnl': 224.89213399999844, 'total_pnl': 11244.606699999922, 'contribution': 0.14123937978055315}}"
9,20,3,0.5,2.0,0.01,24,50,"{'bear_high_vol': {'position_scale': 1.75, 'reward_risk': 2.5, 'stop_mult': 1.2, 'mfi_overbought': 55, 'trailing_stop': True}, 'bull_high_vol': {'position_scale': 1.0, 'reward_risk': 2.0, 'stop_mult': 1.2, 'mfi_overbought': 65, 'trailing_stop': True}, 'bear_med_vol': {'position_scale': 0.0, 'reward_risk': 2.0, 'stop_mult': 1.2}, 'bull_med_vol': {'position_scale': 0.0, 'reward_risk': 1.5, 'stop_mult': 1.2}, 'bull_low_vol': {'position_scale': 0.0, 'reward_risk': 1.5, 'stop_mult': 1.2}, 'bear_low_vol': {'position_scale': 0.0, 'reward_risk': 1.5, 'stop_mult': 1.2}}",20,55,65,52428.168600000055,0.7376261467468654,0.5180722891566265,-0.18657948712979558,83,631.6646819277115,0.6258947884337352,"{'bear_high_vol': {'trades': 44, 'win_rate': 0.5, 'avg_pnl': 1140.2118840909118, 'total_pnl': 50169.32290000012, 'contribution': 0.9569154185561246}, 'bull_high_vol': {'trades': 39, 'win_rate': 0.5384615384615384, 'avg_pnl': 57.91912051281906, 'total_pnl': 2258.8456999999435, 'contribution': 0.04308458144387559}}"
9,20,3,0.5,2.0,0.01,24,50,"{'bear_high_vol': {'position_scale': 1.75, 'reward_risk': 2.5, 'stop_mult': 1.2, 'mfi_overbought': 55, 'trailing_stop': True}, 'bull_high_vol': {'position_scale': 1.0, 'reward_risk': 2.0, 'stop_mult': 1.2, 'mfi_overbought': 70, 'trailing_stop': True}, 'bear_med_vol': {'position_scale': 0.0, 'reward_risk': 2.0, 'stop_mult': 1.2}, 'bull_med_vol': {'position_scale': 0.0, 'reward_risk': 1.5, 'stop_mult': 1.2}, 'bull_low_vol': {'position_scale': 0.0, 'reward_risk': 1.5, 'stop_mult': 1.2}, 'bear_low_vol': {'position_scale': 0.0, 'reward_risk': 1.5, 'stop_mult': 1.2}}",20,55,70,56784.90360000004,0.7956662598165323,0.5180722891566265,-0.18657948712979552,83,684.1554650602415,0.6468911016867472,"{'bear_high_vol': {'trades': 44, 'win_rate': 0.5, 'avg_pnl': 1140.2118840909118, 'total_pnl': 50169.32290000012, 'contribution': 0.8834975445833122}, 'bull_high_vol': {'trades': 39, 'win_rate': 0.5384615384615384, 'avg_pnl': 169.63027435897243, 'total_pnl': 6615.580699999925, 'contribution': 0.1165024554166879}}"
9,20,3,0.5,2.0,0.01,24,50,"{'bear_high_vol': {'position_scale': 1.75, 'reward_risk': 2.5, 'stop_mult': 1.2, 'mfi_overbought': 55, 'trailing_stop': True}, 'bull_high_vol': {'position_scale': 1.0, 'reward_risk': 2.0, 'stop_mult': 1.2, 'mfi_overbought': 75, 'trailing_stop': True}, 'bear_med_vol': {'position_scale': 0.0, 'reward_risk': 2.0, 'stop_mult': 1.2}, 'bull_med_vol': {'position_scale': 0.0, 'reward_risk': 1.5, 'stop_mult': 1.2}, 'bull_low_vol': {'position_scale': 0.0, 'reward_risk': 1.5, 'stop_mult': 1.2}, 'bear_low_vol': {'position_scale': 0.0, 'reward_risk': 1.5, 'stop_mult': 1.2}}",20,55,75,57643.11360000005,0.8071467075441654,0.5180722891566265,-0.1865794871297954,83,694.4953445783138,0.6510270534939762,"{'bear_high_vol': {'trades': 44, 'win_rate': 0.5, 'avg_pnl': 1140.2118840909118, 'total_pnl': 50169.32290000012, 'contribution': 0.8703437369490062}, 'bull_high_vol': {'trades': 39, 'win_rate': 0.5384615384615384, 'avg_pnl': 191.635658974357, 'total_pnl': 7473.790699999923, 'contribution': 0.1296562630509938}}"
9,20,3,0.5,2.0,0.01,24,50,"{'bear_high_vol': {'position_scale': 1.75, 'reward_risk': 2.5, 'stop_mult': 1.2, 'mfi_overbought': 60, 'trailing_stop': True}, 'bull_high_vol': {'position_scale': 1.0, 'reward_risk': 2.0, 'stop_mult': 1.2, 'mfi_overbought': 65, 'trailing_stop': True}, 'bear_med_vol': {'position_scale': 0.0, 'reward_risk': 2.0, 'stop_mult': 1.2}, 'bull_med_vol': {'position_scale': 0.0, 'reward_risk': 1.5, 'stop_mult': 1.2}, 'bull_low_vol': {'position_scale': 0.0, 'reward_risk': 1.5, 'stop_mult': 1.2}, 'bear_low_vol': {'position_scale': 0.0, 'reward_risk': 1.5, 'stop_mult': 1.2}}",20,60,65,53505.40940000002,0.7384593881915734,0.5180722891566265,-0.21384951848579084,83,644.6434867469882,0.6310863103614459,"{'bear_high_vol': {'trades': 44, 'win_rate': 0.5, 'avg_pnl': 1164.6946295454566, 'total_pnl': 51246.563700000086, 'contribution': 0.9577828536342359}, 'bull_high_vol': {'trades': 39, 'win_rate': 0.5384615384615384, 'avg_pnl': 57.91912051281906, 'total_pnl': 2258.8456999999435, 'contribution': 0.04221714636576433}}"
9,20,3,0.5,2.0,0.01,24,50,"{'bear_high_vol': {'position_scale': 1.75, 'reward_risk': 2.5, 'stop_mult': 1.2, 'mfi_overbought': 60, 'trailing_stop': True}, 'bull_high_vol': {'position_scale': 1.0, 'reward_risk': 2.0, 'stop_mult': 1.2, 'mfi_overbought': 70, 'trailing_stop': True}, 'bear_med_vol': {'position_scale': 0.0, 'reward_risk': 2.0, 'stop_mult': 1.2}, 'bull_med_vol': {'position_scale': 0.0, 'reward_risk': 1.5, 'stop_mult': 1.2}, 'bull_low_vol': {'position_scale': 0.0, 'reward_risk': 1.5, 'stop_mult': 1.2}, 'bear_low_vol': {'position_scale': 0.0, 'reward_risk': 1.5, 'stop_mult': 1.2}}",20,60,70,57862.144400000005,0.7954593639640046,0.5180722891566265,-0.20656847466420317,83,697.1342698795181,0.6520826236144579,"{'bear_high_vol': {'trades': 44, 'win_rate': 0.5, 'avg_pnl': 1164.6946295454566, 'total_pnl': 51246.563700000086, 'contribution': 0.885666513597102}, 'bull_high_vol': {'trades': 39, 'win_rate': 0.5384615384615384, 'avg_pnl': 169.63027435897243, 'total_pnl': 6615.580699999925, 'contribution': 0.11433348640289806}}"
9,20,3,0.5,2.0,0.01,24,50,"{'bear_high_vol': {'position_scale': 1.75, 'reward_risk': 2.5, 'stop_mult': 1.2, 'mfi_overbought': 60, 'trailing_stop': True}, 'bull_high_vol': {'position_scale': 1.0, 'reward_risk': 2.0, 'stop_mult': 1.2, 'mfi_overbought': 75, 'trailing_stop': True}, 'bear_med_vol': {'position_scale': 0.0, 'reward_risk': 2.0, 'stop_mult': 1.2}, 'bull_med_vol': {'position_scale': 0.0, 'reward_risk': 1.5, 'stop_mult': 1.2}, 'bull_low_vol': {'position_scale': 0.0, 'reward_risk': 1.5, 'stop_mult': 1.2}, 'bear_low_vol': {'position_scale': 0.0, 'reward_risk': 1.5, 'stop_mult': 1.2}}",20,60,75,58720.35440000001,0.8067340537797673,0.5180722891566265,-0.2060291601255707,83,707.4741493975905,0.6562185754216868,"{'bear_high_vol': {'trades': 44, 'win_rate': 0.5, 'avg_pnl': 1164.6946295454566, 'total_pnl': 51246.563700000086, 'contribution': 0.8727223161991011}, 'bull_high_vol': {'trades': 39, 'win_rate': 0.5384615384615384, 'avg_pnl': 191.635658974357, 'total_pnl': 7473.790699999923, 'contribution': 0.12727768380089888}}"
9,20,3,0.5,2.0,0.01,24,50,"{'bear_high_vol': {'position_scale': 1.75, 'reward_risk': 2.5, 'stop_mult': 1.2, 'mfi_overbought': 65, 'trailing_stop': True}, 'bull_high_vol': {'position_scale': 1.0, 'reward_risk': 2.0, 'stop_mult': 1.2, 'mfi_overbought': 65, 'trailing_stop': True}, 'bear_med_vol': {'position_scale': 0.0, 'reward_risk': 2.0, 'stop_mult': 1.2}, 'bull_med_vol': {'position_scale': 0.0, 'reward_risk': 1.5, 'stop_mult': 1.2}, 'bull_low_vol': {'position_scale': 0.0, 'reward_risk': 1.5, 'stop_mult': 1.2}, 'bear_low_vol': {'position_scale': 0.0, 'reward_risk': 1.5, 'stop_mult': 1.2}}",20,65,65,47732.509400000046,0.6540827223152352,0.5060240963855421,-0.244154641243478,83,575.0904746987958,0.5984458284337353,"{'bear_high_vol': {'trades': 44, 'win_rate': 0.4772727272727273, 'avg_pnl': 1033.4923568181846, 'total_pnl': 45473.66370000012, 'contribution': 0.9526769966969321}, 'bull_high_vol': {'trades': 39, 'win_rate': 0.5384615384615384, 'avg_pnl': 57.91912051281906, 'total_pnl': 2258.8456999999435, 'contribution': 0.04732300330306836}}"
9,20,3,0.5,2.0,0.01,24,50,"{'bear_high_vol': {'position_scale': 1.75, 'reward_risk': 2.5, 'stop_mult': 1.2, 'mfi_overbought': 65, 'trailing_stop': True}, 'bull_high_vol': {'position_scale': 1.0, 'reward_risk': 2.0, 'stop_mult': 1.2, 'mfi_overbought': 70, 'trailing_stop': True}, 'bear_med_vol': {'position_scale': 0.0, 'reward_risk': 2.0, 'stop_mult': 1.2}, 'bull_med_vol': {'position_scale': 0.0, 'reward_risk': 1.5, 'stop_mult': 1.2}, 'bull_low_vol': {'position_scale': 0.0, 'reward_risk': 1.5, 'stop_mult': 1.2}, 'bear_low_vol': {'position_scale': 0.0, 'reward_risk': 1.5, 'stop_mult': 1.2}}",20,65,70,52089.244400000025,0.7110122701913707,0.5060240963855421,-0.23715427260050542,83,627.5812578313256,0.6194421416867472,"{'bear_high_vol': {'trades': 44, 'win_rate': 0.4772727272727273, 'avg_pnl': 1033.4923568181846, 'total_pnl': 45473.66370000012, 'contribution': 0.8729952646423894}, 'bull_high_vol': {'trades': 39, 'win_rate': 0.5384615384615384, 'avg_pnl': 169.63027435897243, 'total_pnl': 6615.580699999925, 'contribution': 0.12700473535761103}}"
9,20,3,0.5,2.0,0.01,24,50,"{'bear_high_vol': {'position_scale': 1.75, 'reward_risk': 2.5, 'stop_mult': 1.2, 'mfi_overbought': 65, 'trailing_stop': True}, 'bull_high_vol': {'position_scale': 1.0, 'reward_risk': 2.0, 'stop_mult': 1.2, 'mfi_overbought': 75, 'trailing_stop': True}, 'bear_med_vol': {'position_scale': 0.0, 'reward_risk': 2.0, 'stop_mult': 1.2}, 'bull_med_vol': {'position_scale': 0.0, 'reward_risk': 1.5, 'stop_mult': 1.2}, 'bull_low_vol': {'position_scale': 0.0, 'reward_risk': 1.5, 'stop_mult': 1.2}, 'bear_low_vol': {'position_scale': 0.0, 'reward_risk': 1.5, 'stop_mult': 1.2}}",20,65,75,52947.45440000003,0.7222619972988781,0.5060240963855421,-0.23663574796620093,83,637.921137349398,0.6235780934939761,"{'bear_high_vol': {'trades': 44, 'win_rate': 0.4772727272727273, 'avg_pnl': 1033.4923568181846, 'total_pnl': 45473.66370000012, 'contribution': 0.8588451364717563}, 'bull_high_vol': {'trades': 39, 'win_rate': 0.5384615384615384, 'avg_pnl': 191.635658974357, 'total_pnl': 7473.790699999923, 'contribution': 0.14115486352824394}}"
9,20,3,0.5,2.0,0.01,24,50,"{'bear_high_vol': {'position_scale': 1.75, 'reward_risk': 2.5, 'stop_mult': 1.2, 'mfi_overbought': 55, 'trailing_stop': True}, 'bull_high_vol': {'position_scale': 1.0, 'reward_risk': 2.0, 'stop_mult': 1.2, 'mfi_overbought': 65, 'trailing_stop': True}, 'bear_med_vol': {'position_scale': 0.0, 'reward_risk': 2.0, 'stop_mult': 1.2}, 'bull_med_vol': {'position_scale': 0.0, 'reward_risk': 1.5, 'stop_mult': 1.2}, 'bull_low_vol': {'position_scale': 0.0, 'reward_risk': 1.5, 'stop_mult': 1.2}, 'bear_low_vol': {'position_scale': 0.0, 'reward_risk': 1.5, 'stop_mult': 1.2}}",25,55,65,65942.82389999994,0.9069058587246122,0.5531914893617021,-0.1182968315454158,94,701.5194031914888,0.6898843570212765,"{'bear_high_vol': {'trades': 48, 'win_rate': 0.5416666666666666, 'avg_pnl': 1246.82995625, 'total_pnl': 59847.83789999999, 'contribution': 0.9075716561783463}, 'bull_high_vol': {'trades': 46, 'win_rate': 0.5652173913043478, 'avg_pnl': 132.4996956521728, 'total_pnl': 6094.985999999948, 'contribution': 0.09242834382165355}}"
9,20,3,0.5,2.0,0.01,24,50,"{'bear_high_vol': {'position_scale': 1.75, 'reward_risk': 2.5, 'stop_mult': 1.2, 'mfi_overbought': 55, 'trailing_stop': True}, 'bull_high_vol': {'position_scale': 1.0, 'reward_risk': 2.0, 'stop_mult': 1.2, 'mfi_overbought': 70, 'trailing_stop': True}, 'bear_med_vol': {'position_scale': 0.0, 'reward_risk': 2.0, 'stop_mult': 1.2}, 'bull_med_vol': {'position_scale': 0.0, 'reward_risk': 1.5, 'stop_mult': 1.2}, 'bull_low_vol': {'position_scale': 0.0, 'reward_risk': 1.5, 'stop_mult': 1.2}, 'bear_low_vol': {'position_scale': 0.0, 'reward_risk': 1.5, 'stop_mult': 1.2}}",25,55,70,70299.55889999993,0.9636374487431547,0.5531914893617021,-0.11829683154541597,94,747.8676478723397,0.7084236548936167,"{'bear_high_vol': {'trades': 48, 'win_rate': 0.5416666666666666, 'avg_pnl': 1246.82995625, 'total_pnl': 59847.83789999999, 'contribution': 0.8513259376937578}, 'bull_high_vol': {'trades': 46, 'win_rate': 0.5652173913043478, 'avg_pnl': 227.211326086955, 'total_pnl': 10451.72099999993, 'contribution': 0.14867406230624217}}"
9,20,3,0.5,2.0,0.01,24,50,"{'bear_high_vol': {'position_scale': 1.75, 'reward_risk': 2.5, 'stop_mult': 1.2, 'mfi_overbought': 55, 'trailing_stop': True}, 'bull_high_vol': {'position_scale': 1.0, 'reward_risk': 2.0, 'stop_mult': 1.2, 'mfi_overbought': 75, 'trailing_stop': True}, 'bear_med_vol': {'position_scale': 0.0, 'reward_risk': 2.0, 'stop_mult': 1.2}, 'bull_med_vol': {'position_scale': 0.0, 'reward_risk': 1.5, 'stop_mult': 1.2}, 'bull_low_vol': {'position_scale': 0.0, 'reward_risk': 1.5, 'stop_mult': 1.2}, 'bear_low_vol': {'position_scale': 0.0, 'reward_risk': 1.5, 'stop_mult': 1.2}}",25,55,75,71157.76889999994,0.9747802626531772,0.5531914893617021,-0.11829683154541597,94,756.9975414893611,0.7120756123404253,"{'bear_high_vol': {'trades': 48, 'win_rate': 0.5416666666666666, 'avg_pnl': 1246.82995625, 'total_pnl': 59847.83789999999, 'contribution': 0.8410583809071626}, 'bull_high_vol': {'trades': 46, 'win_rate': 0.5652173913043478, 'avg_pnl': 245.8680652173897, 'total_pnl': 11309.930999999926, 'contribution': 0.1589416190928372}}"
9,20,3,0.5,2.0,0.01,24,50,"{'bear_high_vol': {'position_scale': 1.75, 'reward_risk': 2.5, 'stop_mult': 1.2, 'mfi_overbought': 60, 'trailing_stop': True}, 'bull_high_vol': {'position_scale': 1.0, 'reward_risk': 2.0, 'stop_mult': 1.2, 'mfi_overbought': 65, 'trailing_stop': True}, 'bear_med_vol': {'position_scale': 0.0, 'reward_risk': 2.0, 'stop_mult': 1.2}, 'bull_med_vol': {'position_scale': 0.0, 'reward_risk': 1.5, 'stop_mult': 1.2}, 'bull_low_vol': {'position_scale': 0.0, 'reward_risk': 1.5, 'stop_mult': 1.2}, 'bear_low_vol': {'position_scale': 0.0, 'reward_risk': 1.5, 'stop_mult': 1.2}}",25,60,65,67190.1218999999,0.9070968689720065,0.5531914893617021,-0.14255096149612834,94,714.7885308510628,0.695192008085106,"{'bear_high_vol': {'trades': 48, 'win_rate': 0.5416666666666666, 'avg_pnl': 1272.8153312499987, 'total_pnl': 61095.13589999994, 'contribution': 0.9092874692343732}, 'bull_high_vol': {'trades': 46, 'win_rate': 0.5652173913043478, 'avg_pnl': 132.4996956521728, 'total_pnl': 6094.985999999948, 'contribution': 0.09071253076562669}}"
9,20,3,0.5,2.0,0.01,24,50,"{'bear_high_vol': {'position_scale': 1.75, 'reward_risk': 2.5, 'stop_mult': 1.2, 'mfi_overbought': 60, 'trailing_stop': True}, 'bull_high_vol': {'position_scale': 1.0, 'reward_risk': 2.0, 'stop_mult': 1.2, 'mfi_overbought': 70, 'trailing_stop': True}, 'bear_med_vol': {'position_scale': 0.0, 'reward_risk': 2.0, 'stop_mult': 1.2}, 'bull_med_vol': {'position_scale': 0.0, 'reward_risk': 1.5, 'stop_mult': 1.2}, 'bull_low_vol': {'position_scale': 0.0, 'reward_risk': 1.5, 'stop_mult': 1.2}, 'bear_low_vol': {'position_scale': 0.0, 'reward_risk': 1.5, 'stop_mult': 1.2}}",25,60,70,71546.85689999987,0.9628505515249558,0.5531914893617021,-0.13460765587903087,94,761.1367755319135,0.7137313059574464,"{'bear_high_vol': {'trades': 48, 'win_rate': 0.5416666666666666, 'avg_pnl': 1272.8153312499987, 'total_pnl': 61095.13589999994, 'contribution': 0.8539178175973801}, 'bull_high_vol': {'trades': 46, 'win_rate': 0.5652173913043478, 'avg_pnl': 227.211326086955, 'total_pnl': 10451.72099999993, 'contribution': 0.14608218240261997}}"
9,20,3,0.5,2.0,0.01,24,50,"{'bear_high_vol': {'position_scale': 1.75, 'reward_risk': 2.5, 'stop_mult': 1.2, 'mfi_overbought': 60, 'trailing_stop': True}, 'bull_high_vol': {'position_scale': 1.0, 'reward_risk': 2.0, 'stop_mult': 1.2, 'mfi_overbought': 75, 'trailing_stop': True}, 'bear_med_vol': {'position_scale': 0.0, 'reward_risk': 2.0, 'stop_mult': 1.2}, 'bull_med_vol': {'position_scale': 0.0, 'reward_risk': 1.5, 'stop_mult': 1.2}, 'bull_low_vol': {'position_scale': 0.0, 'reward_risk': 1.5, 'stop_mult': 1.2}, 'bear_low_vol': {'position_scale': 0.0, 'reward_risk': 1.5, 'stop_mult': 1.2}}",25,60,75,72405.06689999987,0.9738026328685266,0.5531914893617021,-0.12844920151978217,94,770.2666691489349,0.7173832634042547,"{'bear_high_vol': {'trades': 48, 'win_rate': 0.5416666666666666, 'avg_pnl': 1272.8153312499987, 'total_pnl': 61095.13589999994, 'contribution': 0.8437964153030849}, 'bull_high_vol': {'trades': 46, 'win_rate': 0.5652173913043478, 'avg_pnl': 245.8680652173897, 'total_pnl': 11309.930999999926, 'contribution': 0.15620358469691498}}"
9,20,3,0.5,2.0,0.01,24,50,"{'bear_high_vol': {'position_scale': 1.75, 'reward_risk': 2.5, 'stop_mult': 1.2, 'mfi_overbought': 65, 'trailing_stop': True}, 'bull_high_vol': {'position_scale': 1.0, 'reward_risk': 2.0, 'stop_mult': 1.2, 'mfi_overbought': 65, 'trailing_stop': True}, 'bear_med_vol': {'position_scale': 0.0, 'reward_risk': 2.0, 'stop_mult': 1.2}, 'bull_med_vol': {'position_scale': 0.0, 'reward_risk': 1.5, 'stop_mult': 1.2}, 'bull_low_vol': {'position_scale': 0.0, 'reward_risk': 1.5, 'stop_mult': 1.2}, 'bear_low_vol': {'position_scale': 0.0, 'reward_risk': 1.5, 'stop_mult': 1.2}}",25,65,65,61417.22189999992,0.8234490504672318,0.5425531914893617,-0.1756045549001169,94,653.3747010638289,0.6663711570212763,"{'bear_high_vol': {'trades': 48, 'win_rate': 0.5208333333333334, 'avg_pnl': 1152.5465812499995, 'total_pnl': 55322.23589999997, 'contribution': 0.9007609622928914}, 'bull_high_vol': {'trades': 46, 'win_rate': 0.5652173913043478, 'avg_pnl': 132.4996956521728, 'total_pnl': 6094.985999999948, 'contribution': 0.09923903770710861}}"
9,20,3,0.5,2.0,0.01,24,50,"{'bear_high_vol': {'position_scale': 1.75, 'reward_risk': 2.5, 'stop_mult': 1.2, 'mfi_overbought': 65, 'trailing_stop': True}, 'bull_high_vol': {'position_scale': 1.0, 'reward_risk': 2.0, 'stop_mult': 1.2, 'mfi_overbought': 70, 'trailing_stop': True}, 'bear_med_vol': {'position_scale': 0.0, 'reward_risk': 2.0, 'stop_mult': 1.2}, 'bull_med_vol': {'position_scale': 0.0, 'reward_risk': 1.5, 'stop_mult': 1.2}, 'bull_low_vol': {'position_scale': 0.0, 'reward_risk': 1.5, 'stop_mult': 1.2}, 'bear_low_vol': {'position_scale': 0.0, 'reward_risk': 1.5, 'stop_mult': 1.2}}",25,65,70,65773.9568999999,0.8790867895902833,0.5425531914893617,-0.1679674538297171,94,699.7229457446798,0.6849104548936167,"{'bear_high_vol': {'trades': 48, 'win_rate': 0.5208333333333334, 'avg_pnl': 1152.5465812499995, 'total_pnl': 55322.23589999997, 'contribution': 0.8410963625635248}, 'bull_high_vol': {'trades': 46, 'win_rate': 0.5652173913043478, 'avg_pnl': 227.211326086955, 'total_pnl': 10451.72099999993, 'contribution': 0.1589036374364752}}"
9,20,3,0.5,2.0,0.01,24,50,"{'bear_high_vol': {'position_scale': 1.75, 'reward_risk': 2.5, 'stop_mult': 1.2, 'mfi_overbought': 65, 'trailing_stop': True}, 'bull_high_vol': {'position_scale': 1.0, 'reward_risk': 2.0, 'stop_mult': 1.2, 'mfi_overbought': 75, 'trailing_stop': True}, 'bear_med_vol': {'position_scale': 0.0, 'reward_risk': 2.0, 'stop_mult': 1.2}, 'bull_med_vol': {'position_scale': 0.0, 'reward_risk': 1.5, 'stop_mult': 1.2}, 'bull_low_vol': {'position_scale': 0.0, 'reward_risk': 1.5, 'stop_mult': 1.2}, 'bear_low_vol': {'position_scale': 0.0, 'reward_risk': 1.5, 'stop_mult': 1.2}}",25,65,75,66632.16689999991,0.8900153534056897,0.5425531914893617,-0.16204640022228756,94,708.8528393617012,0.688562412340425,"{'bear_high_vol': {'trades': 48, 'win_rate': 0.5208333333333334, 'avg_pnl': 1152.5465812499995, 'total_pnl': 55322.23589999997, 'contribution': 0.8302631967984226}, 'bull_high_vol': {'trades': 46, 'win_rate': 0.5652173913043478, 'avg_pnl': 245.8680652173897, 'total_pnl': 11309.930999999926, 'contribution': 0.16973680320157714}}"
9,20,3,0.5,2.0,0.01,24,50,"{'bear_high_vol': {'position_scale': 1.75, 'reward_risk': 2.5, 'stop_mult': 1.2, 'mfi_overbought': 55, 'trailing_stop': True}, 'bull_high_vol': {'position_scale': 1.0, 'reward_risk': 2.0, 'stop_mult': 1.2, 'mfi_overbought': 65, 'trailing_stop': True}, 'bear_med_vol': {'position_scale': 0.0, 'reward_risk': 2.0, 'stop_mult': 1.2}, 'bull_med_vol': {'position_scale': 0.0, 'reward_risk': 1.5, 'stop_mult': 1.2}, 'bull_low_vol': {'position_scale': 0.0, 'reward_risk': 1.5, 'stop_mult': 1.2}, 'bear_low_vol': {'position_scale': 0.0, 'reward_risk': 1.5, 'stop_mult': 1.2}}",30,55,65,82723.37389999998,1.08722513196818,0.580952380952381,-0.11060141446146123,105,787.841656190476,0.7475176148571427,"{'bear_high_vol': {'trades': 55, 'win_rate': 0.5636363636363636, 'avg_pnl': 1347.410143636364, 'total_pnl': 74107.55790000001, 'contribution': 0.8958478650735985}, 'bull_high_vol': {'trades': 50, 'win_rate': 0.6, 'avg_pnl': 172.31631999999942, 'total_pnl': 8615.815999999972, 'contribution': 0.10415213492640167}}"
9,20,3,0.5,2.0,0.01,24,50,"{'bear_high_vol': {'position_scale': 1.75, 'reward_risk': 2.5, 'stop_mult': 1.2, 'mfi_overbought': 55, 'trailing_stop': True}, 'bull_high_vol': {'position_scale': 1.0, 'reward_risk': 2.0, 'stop_mult': 1.2, 'mfi_overbought': 70, 'trailing_stop': True}, 'bear_med_vol': {'position_scale': 0.0, 'reward_risk': 2.0, 'stop_mult': 1.2}, 'bull_med_vol': {'position_scale': 0.0, 'reward_risk': 1.5, 'stop_mult': 1.2}, 'bull_low_vol': {'position_scale': 0.0, 'reward_risk': 1.5, 'stop_mult': 1.2}, 'bear_low_vol': {'position_scale': 0.0, 'reward_risk': 1.5, 'stop_mult': 1.2}}",30,55,70,87389.60889999996,1.1449047511291877,0.580952380952381,-0.10787254315509426,105,832.2819895238092,0.765293748190476,"{'bear_high_vol': {'trades': 55, 'win_rate': 0.5636363636363636, 'avg_pnl': 1347.410143636364, 'total_pnl': 74107.55790000001, 'contribution': 0.8480133832021308}, 'bull_high_vol': {'trades': 50, 'win_rate': 0.6, 'avg_pnl': 265.64101999999906, 'total_pnl': 13282.050999999952, 'contribution': 0.15198661679786918}}"
9,20,3,0.5,2.0,0.01,24,50,"{'bear_high_vol': {'position_scale': 1.75, 'reward_risk': 2.5, 'stop_mult': 1.2, 'mfi_overbought': 55, 'trailing_stop': True}, 'bull_high_vol': {'position_scale': 1.0, 'reward_risk': 2.0, 'stop_mult': 1.2, 'mfi_overbought': 75, 'trailing_stop': True}, 'bear_med_vol': {'position_scale': 0.0, 'reward_risk': 2.0, 'stop_mult': 1.2}, 'bull_med_vol': {'position_scale': 0.0, 'reward_risk': 1.5, 'stop_mult': 1.2}, 'bull_low_vol': {'position_scale': 0.0, 'reward_risk': 1.5, 'stop_mult': 1.2}, 'bear_low_vol': {'position_scale': 0.0, 'reward_risk': 1.5, 'stop_mult': 1.2}}",30,55,75,88247.81889999995,1.1554872009762553,0.580952380952381,-0.1078725431550941,105,840.4554180952376,0.7685631196190474,"{'bear_high_vol': {'trades': 55, 'win_rate': 0.5636363636363636, 'avg_pnl': 1347.410143636364, 'total_pnl': 74107.55790000001, 'contribution': 0.8397664534233611}, 'bull_high_vol': {'trades': 50, 'win_rate': 0.6, 'avg_pnl': 282.80521999999905, 'total_pnl': 14140.260999999951, 'contribution': 0.16023354657663905}}"
9,20,3,0.5,2.0,0.01,24,50,"{'bear_high_vol': {'position_scale': 1.75, 'reward_risk': 2.5, 'stop_mult': 1.2, 'mfi_overbought': 60, 'trailing_stop': True}, 'bull_high_vol': {'position_scale': 1.0, 'reward_risk': 2.0, 'stop_mult': 1.2, 'mfi_overbought': 65, 'trailing_stop': True}, 'bear_med_vol': {'position_scale': 0.0, 'reward_risk': 2.0, 'stop_mult': 1.2}, 'bull_med_vol': {'position_scale': 0.0, 'reward_risk': 1.5, 'stop_mult': 1.2}, 'bull_low_vol': {'position_scale': 0.0, 'reward_risk': 1.5, 'stop_mult': 1.2}, 'bear_low_vol': {'position_scale': 0.0, 'reward_risk': 1.5, 'stop_mult': 1.2}}",30,60,65,82341.57189999986,1.0642113802738489,0.5714285714285714,-0.1300471835977202,105,784.2054466666654,0.7422536072380947,"{'bear_high_vol': {'trades': 55, 'win_rate': 0.5454545454545454, 'avg_pnl': 1340.4682890909073, 'total_pnl': 73725.7558999999, 'contribution': 0.8953649316961853}, 'bull_high_vol': {'trades': 50, 'win_rate': 0.6, 'avg_pnl': 172.31631999999942, 'total_pnl': 8615.815999999972, 'contribution': 0.1046350683038149}}"
9,20,3,0.5,2.0,0.01,24,50,"{'bear_high_vol': {'position_scale': 1.75, 'reward_risk': 2.5, 'stop_mult': 1.2, 'mfi_overbought': 60, 'trailing_stop': True}, 'bull_high_vol': {'position_scale': 1.0, 'reward_risk': 2.0, 'stop_mult': 1.2, 'mfi_overbought': 70, 'trailing_stop': True}, 'bear_med_vol': {'position_scale': 0.0, 'reward_risk': 2.0, 'stop_mult': 1.2}, 'bull_med_vol': {'position_scale': 0.0, 'reward_risk': 1.5, 'stop_mult': 1.2}, 'bull_low_vol': {'position_scale': 0.0, 'reward_risk': 1.5, 'stop_mult': 1.2}, 'bear_low_vol': {'position_scale': 0.0, 'reward_risk': 1.5, 'stop_mult': 1.2}}",30,60,70,87007.80689999985,1.1210634785512061,0.5714285714285714,-0.11929410986314119,105,828.6457799999986,0.760029740571428,"{'bear_high_vol': {'trades': 55, 'win_rate': 0.5454545454545454, 'avg_pnl': 1340.4682890909073, 'total_pnl': 73725.7558999999, 'contribution': 0.8473464454141991}, 'bull_high_vol': {'trades': 50, 'win_rate': 0.6, 'avg_pnl': 265.64101999999906, 'total_pnl': 13282.050999999952, 'contribution': 0.1526535545858009}}"
9,20,3,0.5,2.0,0.01,24,50,"{'bear_high_vol': {'position_scale': 1.75, 'reward_risk': 2.5, 'stop_mult': 1.2, 'mfi_overbought': 60, 'trailing_stop': True}, 'bull_high_vol': {'position_scale': 1.0, 'reward_risk': 2.0, 'stop_mult': 1.2, 'mfi_overbought': 75, 'trailing_stop': True}, 'bear_med_vol': {'position_scale': 0.0, 'reward_risk': 2.0, 'stop_mult': 1.2}, 'bull_med_vol': {'position_scale': 0.0, 'reward_risk': 1.5, 'stop_mult': 1.2}, 'bull_low_vol': {'position_scale': 0.0, 'reward_risk': 1.5, 'stop_mult': 1.2}, 'bear_low_vol': {'position_scale': 0.0, 'reward_risk': 1.5, 'stop_mult': 1.2}}",30,60,75,87866.01689999984,1.1314948037199661,0.5714285714285714,-0.1130266786047348,105,836.8192085714271,0.7632991119999994,"{'bear_high_vol': {'trades': 55, 'win_rate': 0.5454545454545454, 'avg_pnl': 1340.4682890909073, 'total_pnl': 73725.7558999999, 'contribution': 0.8390701946112689}, 'bull_high_vol': {'trades': 50, 'win_rate': 0.6, 'avg_pnl': 282.80521999999905, 'total_pnl': 14140.260999999951, 'contribution': 0.1609298053887313}}"
9,20,3,0.5,2.0,0.01,24,50,"{'bear_high_vol': {'position_scale': 1.75, 'reward_risk': 2.5, 'stop_mult': 1.2, 'mfi_overbought': 65, 'trailing_stop': True}, 'bull_high_vol': {'position_scale': 1.0, 'reward_risk': 2.0, 'stop_mult': 1.2, 'mfi_overbought': 65, 'trailing_stop': True}, 'bear_med_vol': {'position_scale': 0.0, 'reward_risk': 2.0, 'stop_mult': 1.2}, 'bull_med_vol': {'position_scale': 0.0, 'reward_risk': 1.5, 'stop_mult': 1.2}, 'bull_low_vol': {'position_scale': 0.0, 'reward_risk': 1.5, 'stop_mult': 1.2}, 'bear_low_vol': {'position_scale': 0.0, 'reward_risk': 1.5, 'stop_mult': 1.2}}",30,65,65,75888.15189999988,0.974390027505061,0.5523809523809524,-0.1635827820796888,105,722.7443038095226,0.71005010247619,"{'bear_high_vol': {'trades': 55, 'win_rate': 0.509090909090909, 'avg_pnl': 1223.1333799999989, 'total_pnl': 67272.33589999993, 'contribution': 0.886466915002051}, 'bull_high_vol': {'trades': 50, 'win_rate': 0.6, 'avg_pnl': 172.31631999999942, 'total_pnl': 8615.815999999972, 'contribution': 0.11353308499794927}}"
9,20,3,0.5,2.0,0.01,24,50,"{'bear_high_vol': {'position_scale': 1.75, 'reward_risk': 2.5, 'stop_mult': 1.2, 'mfi_overbought': 65, 'trailing_stop': True}, 'bull_high_vol': {'position_scale': 1.0, 'reward_risk': 2.0, 'stop_mult': 1.2, 'mfi_overbought': 70, 'trailing_stop': True}, 'bear_med_vol': {'position_scale': 0.0, 'reward_risk': 2.0, 'stop_mult': 1.2}, 'bull_med_vol': {'position_scale': 0.0, 'reward_risk': 1.5, 'stop_mult': 1.2}, 'bull_low_vol': {'position_scale': 0.0, 'reward_risk': 1.5, 'stop_mult': 1.2}, 'bear_low_vol': {'position_scale': 0.0, 'reward_risk': 1.5, 'stop_mult': 1.2}}",30,65,70,80554.38689999987,1.031145978794486,0.5523809523809524,-0.15324422595619272,105,767.1846371428559,0.7278262358095233,"{'bear_high_vol': {'trades': 55, 'win_rate': 0.509090909090909, 'avg_pnl': 1223.1333799999989, 'total_pnl': 67272.33589999993, 'contribution': 0.8351169748645936}, 'bull_high_vol': {'trades': 50, 'win_rate': 0.6, 'avg_pnl': 265.64101999999906, 'total_pnl': 13282.050999999952, 'contribution': 0.16488302513540667}}"
9,20,3,0.5,2.0,0.01,24,50,"{'bear_high_vol': {'position_scale': 1.75, 'reward_risk': 2.5, 'stop_mult': 1.2, 'mfi_overbought': 65, 'trailing_stop': True}, 'bull_high_vol': {'position_scale': 1.0, 'reward_risk': 2.0, 'stop_mult': 1.2, 'mfi_overbought': 75, 'trailing_stop': True}, 'bear_med_vol': {'position_scale': 0.0, 'reward_risk': 2.0, 'stop_mult': 1.2}, 'bull_med_vol': {'position_scale': 0.0, 'reward_risk': 1.5, 'stop_mult': 1.2}, 'bull_low_vol': {'position_scale': 0.0, 'reward_risk': 1.5, 'stop_mult': 1.2}, 'bear_low_vol': {'position_scale': 0.0, 'reward_risk': 1.5, 'stop_mult': 1.2}}",30,65,75,81412.59689999986,1.0415587327133076,0.5523809523809524,-0.1472183963734543,105,775.3580657142844,0.7310956072380947,"{'bear_high_vol': {'trades': 55, 'win_rate': 0.509090909090909, 'avg_pnl': 1223.1333799999989, 'total_pnl': 67272.33589999993, 'contribution': 0.8263135984058021}, 'bull_high_vol': {'trades': 50, 'win_rate': 0.6, 'avg_pnl': 282.80521999999905, 'total_pnl': 14140.260999999951, 'contribution': 0.1736864015941982}}"
9,20,3,0.5,2.0,0.01,24,55,"{'bear_high_vol': {'position_scale': 1.75, 'reward_risk': 2.5, 'stop_mult': 1.2, 'mfi_overbought': 55, 'trailing_stop': True}, 'bull_high_vol': {'position_scale': 1.0, 'reward_risk': 2.0, 'stop_mult': 1.2, 'mfi_overbought': 65, 'trailing_stop': True}, 'bear_med_vol': {'position_scale': 0.0, 'reward_risk': 2.0, 'stop_mult': 1.2}, 'bull_med_vol': {'position_scale': 0.0, 'reward_risk': 1.5, 'stop_mult': 1.2}, 'bull_low_vol': {'position_scale': 0.0, 'reward_risk': 1.5, 'stop_mult': 1.2}, 'bear_low_vol': {'position_scale': 0.0, 'reward_risk': 1.5, 'stop_mult': 1.2}}",20,55,65,48934.909100000004,0.691478093919833,0.5061728395061729,-0.208246270303863,81,604.1346802469136,0.6061230079012346,"{'bear_high_vol': {'trades': 42, 'win_rate': 0.47619047619047616, 'avg_pnl': 1111.3348428571442, 'total_pnl': 46676.06340000006, 'contribution': 0.9538397895992016}, 'bull_high_vol': {'trades': 39, 'win_rate': 0.5384615384615384, 'avg_pnl': 57.91912051281906, 'total_pnl': 2258.8456999999435, 'contribution': 0.04616021040079838}}"
9,20,3,0.5,2.0,0.01,24,55,"{'bear_high_vol': {'position_scale': 1.75, 'reward_risk': 2.5, 'stop_mult': 1.2, 'mfi_overbought': 55, 'trailing_stop': True}, 'bull_high_vol': {'position_scale': 1.0, 'reward_risk': 2.0, 'stop_mult': 1.2, 'mfi_overbought': 70, 'trailing_stop': True}, 'bear_med_vol': {'position_scale': 0.0, 'reward_risk': 2.0, 'stop_mult': 1.2}, 'bull_med_vol': {'position_scale': 0.0, 'reward_risk': 1.5, 'stop_mult': 1.2}, 'bull_low_vol': {'position_scale': 0.0, 'reward_risk': 1.5, 'stop_mult': 1.2}, 'bear_low_vol': {'position_scale': 0.0, 'reward_risk': 1.5, 'stop_mult': 1.2}}",20,55,70,53291.644099999976,0.7499366352996348,0.5061728395061729,-0.2082424487855534,81,657.9215320987652,0.6276377486419753,"{'bear_high_vol': {'trades': 42, 'win_rate': 0.47619047619047616, 'avg_pnl': 1111.3348428571442, 'total_pnl': 46676.06340000006, 'contribution': 0.8758608256186279}, 'bull_high_vol': {'trades': 39, 'win_rate': 0.5384615384615384, 'avg_pnl': 169.63027435897243, 'total_pnl': 6615.580699999925, 'contribution': 0.12413917438137226}}"
9,20,3,0.5,2.0,0.01,24,55,"{'bear_high_vol': {'position_scale': 1.75, 'reward_risk': 2.5, 'stop_mult': 1.2, 'mfi_overbought': 55, 'trailing_stop': True}, 'bull_high_vol': {'position_scale': 1.0, 'reward_risk': 2.0, 'stop_mult': 1.2, 'mfi_overbought': 75, 'trailing_stop': True}, 'bear_med_vol': {'position_scale': 0.0, 'reward_risk': 2.0, 'stop_mult': 1.2}, 'bull_med_vol': {'position_scale': 0.0, 'reward_risk': 1.5, 'stop_mult': 1.2}, 'bull_low_vol': {'position_scale': 0.0, 'reward_risk': 1.5, 'stop_mult': 1.2}, 'bear_low_vol': {'position_scale': 0.0, 'reward_risk': 1.5, 'stop_mult': 1.2}}",20,55,75,54149.854099999975,0.7614934800725905,0.5061728395061729,-0.2082424487855531,81,668.5167172839504,0.6318758227160494,"{'bear_high_vol': {'trades': 42, 'win_rate': 0.47619047619047616, 'avg_pnl': 1111.3348428571442, 'total_pnl': 46676.06340000006, 'contribution': 0.8619794859244151}, 'bull_high_vol': {'trades': 39, 'win_rate': 0.5384615384615384, 'avg_pnl': 191.635658974357, 'total_pnl': 7473.790699999923, 'contribution': 0.13802051407558505}}"
9,20,3,0.5,2.0,0.01,24,55,"{'bear_high_vol': {'position_scale': 1.75, 'reward_risk': 2.5, 'stop_mult': 1.2, 'mfi_overbought': 60, 'trailing_stop': True}, 'bull_high_vol': {'position_scale': 1.0, 'reward_risk': 2.0, 'stop_mult': 1.2, 'mfi_overbought': 65, 'trailing_stop': True}, 'bear_med_vol': {'position_scale': 0.0, 'reward_risk': 2.0, 'stop_mult': 1.2}, 'bull_med_vol': {'position_scale': 0.0, 'reward_risk': 1.5, 'stop_mult': 1.2}, 'bull_low_vol': {'position_scale': 0.0, 'reward_risk': 1.5, 'stop_mult': 1.2}, 'bear_low_vol': {'position_scale': 0.0, 'reward_risk': 1.5, 'stop_mult': 1.2}}",20,60,65,50012.14989999996,0.6931380929244629,0.5061728395061729,-0.2368970417354998,81,617.4339493827156,0.6114427155555554,"{'bear_high_vol': {'trades': 42, 'win_rate': 0.47619047619047616, 'avg_pnl': 1136.9834333333338, 'total_pnl': 47753.30420000002, 'contribution': 0.9548340612327897}, 'bull_high_vol': {'trades': 39, 'win_rate': 0.5384615384615384, 'avg_pnl': 57.91912051281906, 'total_pnl': 2258.8456999999435, 'contribution': 0.045165938767210353}}"
9,20,3,0.5,2.0,0.01,24,55,"{'bear_high_vol': {'position_scale': 1.75, 'reward_risk': 2.5, 'stop_mult': 1.2, 'mfi_overbought': 60, 'trailing_stop': True}, 'bull_high_vol': {'position_scale': 1.0, 'reward_risk': 2.0, 'stop_mult': 1.2, 'mfi_overbought': 70, 'trailing_stop': True}, 'bear_med_vol': {'position_scale': 0.0, 'reward_risk': 2.0, 'stop_mult': 1.2}, 'bull_med_vol': {'position_scale': 0.0, 'reward_risk': 1.5, 'stop_mult': 1.2}, 'bull_low_vol': {'position_scale': 0.0, 'reward_risk': 1.5, 'stop_mult': 1.2}, 'bear_low_vol': {'position_scale': 0.0, 'reward_risk': 1.5, 'stop_mult': 1.2}}",20,60,70,54368.88489999993,0.7505332799245709,0.5061728395061729,-0.22982945580868727,81,671.220801234567,0.6329574562962961,"{'bear_high_vol': {'trades': 42, 'win_rate': 0.47619047619047616, 'avg_pnl': 1136.9834333333338, 'total_pnl': 47753.30420000002, 'contribution': 0.8783204637695279}, 'bull_high_vol': {'trades': 39, 'win_rate': 0.5384615384615384, 'avg_pnl': 169.63027435897243, 'total_pnl': 6615.580699999925, 'contribution': 0.1216795362304724}}"
9,20,3,0.5,2.0,0.01,24,55,"{'bear_high_vol': {'position_scale': 1.75, 'reward_risk': 2.5, 'stop_mult': 1.2, 'mfi_overbought': 60, 'trailing_stop': True}, 'bull_high_vol': {'position_scale': 1.0, 'reward_risk': 2.0, 'stop_mult': 1.2, 'mfi_overbought': 75, 'trailing_stop': True}, 'bear_med_vol': {'position_scale': 0.0, 'reward_risk': 2.0, 'stop_mult': 1.2}, 'bull_med_vol': {'position_scale': 0.0, 'reward_risk': 1.5, 'stop_mult': 1.2}, 'bull_low_vol': {'position_scale': 0.0, 'reward_risk': 1.5, 'stop_mult': 1.2}, 'bear_low_vol': {'position_scale': 0.0, 'reward_risk': 1.5, 'stop_mult': 1.2}}",20,60,75,55227.09489999993,0.7618801391133849,0.5061728395061729,-0.22717413936797906,81,681.8159864197522,0.6371955303703701,"{'bear_high_vol': {'trades': 42, 'win_rate': 0.47619047619047616, 'avg_pnl': 1136.9834333333338, 'total_pnl': 47753.30420000002, 'contribution': 0.864671666805347}, 'bull_high_vol': {'trades': 39, 'win_rate': 0.5384615384615384, 'avg_pnl': 191.635658974357, 'total_pnl': 7473.790699999923, 'contribution': 0.1353283331946532}}"
9,20,3,0.5,2.0,0.01,24,55,"{'bear_high_vol': {'position_scale': 1.75, 'reward_risk': 2.5, 'stop_mult': 1.2, 'mfi_overbought': 65, 'trailing_stop': True}, 'bull_high_vol': {'position_scale': 1.0, 'reward_risk': 2.0, 'stop_mult': 1.2, 'mfi_overbought': 65, 'trailing_stop': True}, 'bear_med_vol': {'position_scale': 0.0, 'reward_risk': 2.0, 'stop_mult': 1.2}, 'bull_med_vol': {'position_scale': 0.0, 'reward_risk': 1.5, 'stop_mult': 1.2}, 'bull_low_vol': {'position_scale': 0.0, 'reward_risk': 1.5, 'stop_mult': 1.2}, 'bear_low_vol': {'position_scale': 0.0, 'reward_risk': 1.5, 'stop_mult': 1.2}}",20,65,65,44239.249899999995,0.608726410780276,0.49382716049382713,-0.2663137111528067,81,546.1635790123456,0.5779962958024691,"{'bear_high_vol': {'trades': 42, 'win_rate': 0.4523809523809524, 'avg_pnl': 999.5334333333345, 'total_pnl': 41980.40420000005, 'contribution': 0.9489402350829654}, 'bull_high_vol': {'trades': 39, 'win_rate': 0.5384615384615384, 'avg_pnl': 57.91912051281906, 'total_pnl': 2258.8456999999435, 'contribution': 0.05105976491703454}}"
9,20,3,0.5,2.0,0.01,24,55,"{'bear_high_vol': {'position_scale': 1.75, 'reward_risk': 2.5, 'stop_mult': 1.2, 'mfi_overbought': 65, 'trailing_stop': True}, 'bull_high_vol': {'position_scale': 1.0, 'reward_risk': 2.0, 'stop_mult': 1.2, 'mfi_overbought': 70, 'trailing_stop': True}, 'bear_med_vol': {'position_scale': 0.0, 'reward_risk': 2.0, 'stop_mult': 1.2}, 'bull_med_vol': {'position_scale': 0.0, 'reward_risk': 1.5, 'stop_mult': 1.2}, 'bull_low_vol': {'position_scale': 0.0, 'reward_risk': 1.5, 'stop_mult': 1.2}, 'bear_low_vol': {'position_scale': 0.0, 'reward_risk': 1.5, 'stop_mult': 1.2}}",20,65,70,48595.98489999997,0.6660494880046495,0.49382716049382713,-0.2595185718683976,81,599.9504308641971,0.5995110365432097,"{'bear_high_vol': {'trades': 42, 'win_rate': 0.4523809523809524, 'avg_pnl': 999.5334333333345, 'total_pnl': 41980.40420000005, 'contribution': 0.8638656935626811}, 'bull_high_vol': {'trades': 39, 'win_rate': 0.5384615384615384, 'avg_pnl': 169.63027435897243, 'total_pnl': 6615.580699999925, 'contribution': 0.13613430643731905}}"
9,20,3,0.5,2.0,0.01,24,55,"{'bear_high_vol': {'position_scale': 1.75, 'reward_risk': 2.5, 'stop_mult': 1.2, 'mfi_overbought': 65, 'trailing_stop': True}, 'bull_high_vol': {'position_scale': 1.0, 'reward_risk': 2.0, 'stop_mult': 1.2, 'mfi_overbought': 75, 'trailing_stop': True}, 'bear_med_vol': {'position_scale': 0.0, 'reward_risk': 2.0, 'stop_mult': 1.2}, 'bull_med_vol': {'position_scale': 0.0, 'reward_risk': 1.5, 'stop_mult': 1.2}, 'bull_low_vol': {'position_scale': 0.0, 'reward_risk': 1.5, 'stop_mult': 1.2}, 'bear_low_vol': {'position_scale': 0.0, 'reward_risk': 1.5, 'stop_mult': 1.2}}",20,65,75,49454.19489999996,0.677371037925815,0.49382716049382713,-0.2569656145721383,81,610.5456160493823,0.6037491106172839,"{'bear_high_vol': {'trades': 42, 'win_rate': 0.4523809523809524, 'avg_pnl': 999.5334333333345, 'total_pnl': 41980.40420000005, 'contribution': 0.8488744844575375}, 'bull_high_vol': {'trades': 39, 'win_rate': 0.5384615384615384, 'avg_pnl': 191.635658974357, 'total_pnl': 7473.790699999923, 'contribution': 0.1511255155424627}}"
9,20,3,0.5,2.0,0.01,24,55,"{'bear_high_vol': {'position_scale': 1.75, 'reward_risk': 2.5, 'stop_mult': 1.2, 'mfi_overbought': 55, 'trailing_stop': True}, 'bull_high_vol': {'position_scale': 1.0, 'reward_risk': 2.0, 'stop_mult': 1.2, 'mfi_overbought': 65, 'trailing_stop': True}, 'bear_med_vol': {'position_scale': 0.0, 'reward_risk': 2.0, 'stop_mult': 1.2}, 'bull_med_vol': {'position_scale': 0.0, 'reward_risk': 1.5, 'stop_mult': 1.2}, 'bull_low_vol': {'position_scale': 0.0, 'reward_risk': 1.5, 'stop_mult': 1.2}, 'bear_low_vol': {'position_scale': 0.0, 'reward_risk': 1.5, 'stop_mult': 1.2}}",25,55,65,62449.56439999989,0.862406995427688,0.5434782608695652,-0.14177829239841996,92,678.799613043477,0.6729111495652169,"{'bear_high_vol': {'trades': 46, 'win_rate': 0.5217391304347826, 'avg_pnl': 1225.0995304347812, 'total_pnl': 56354.57839999993, 'contribution': 0.90240146494921}, 'bull_high_vol': {'trades': 46, 'win_rate': 0.5652173913043478, 'avg_pnl': 132.4996956521728, 'total_pnl': 6094.985999999948, 'contribution': 0.09759853505078987}}"
9,20,3,0.5,2.0,0.01,24,55,"{'bear_high_vol': {'position_scale': 1.75, 'reward_risk': 2.5, 'stop_mult': 1.2, 'mfi_overbought': 55, 'trailing_stop': True}, 'bull_high_vol': {'position_scale': 1.0, 'reward_risk': 2.0, 'stop_mult': 1.2, 'mfi_overbought': 70, 'trailing_stop': True}, 'bear_med_vol': {'position_scale': 0.0, 'reward_risk': 2.0, 'stop_mult': 1.2}, 'bull_med_vol': {'position_scale': 0.0, 'reward_risk': 1.5, 'stop_mult': 1.2}, 'bull_low_vol': {'position_scale': 0.0, 'reward_risk': 1.5, 'stop_mult': 1.2}, 'bear_low_vol': {'position_scale': 0.0, 'reward_risk': 1.5, 'stop_mult': 1.2}}",25,55,70,66806.29939999986,0.9194960910898026,0.5434782608695652,-0.14177829239842,92,726.155428260868,0.6918534756521734,"{'bear_high_vol': {'trades': 46, 'win_rate': 0.5217391304347826, 'avg_pnl': 1225.0995304347812, 'total_pnl': 56354.57839999993, 'contribution': 0.8435518642123747}, 'bull_high_vol': {'trades': 46, 'win_rate': 0.5652173913043478, 'avg_pnl': 227.211326086955, 'total_pnl': 10451.72099999993, 'contribution': 0.15644813578762534}}"
9,20,3,0.5,2.0,0.01,24,55,"{'bear_high_vol': {'position_scale': 1.75, 'reward_risk': 2.5, 'stop_mult': 1.2, 'mfi_overbought': 55, 'trailing_stop': True}, 'bull_high_vol': {'position_scale': 1.0, 'reward_risk': 2.0, 'stop_mult': 1.2, 'mfi_overbought': 75, 'trailing_stop': True}, 'bear_med_vol': {'position_scale': 0.0, 'reward_risk': 2.0, 'stop_mult': 1.2}, 'bull_med_vol': {'position_scale': 0.0, 'reward_risk': 1.5, 'stop_mult': 1.2}, 'bull_low_vol': {'position_scale': 0.0, 'reward_risk': 1.5, 'stop_mult': 1.2}, 'bear_low_vol': {'position_scale': 0.0, 'reward_risk': 1.5, 'stop_mult': 1.2}}",25,55,75,67664.50939999986,0.9307081163322651,0.5434782608695652,-0.14177829239841985,92,735.4837978260855,0.6955848234782603,"{'bear_high_vol': {'trades': 46, 'win_rate': 0.5217391304347826, 'avg_pnl': 1225.0995304347812, 'total_pnl': 56354.57839999993, 'contribution': 0.8328528337781763}, 'bull_high_vol': {'trades': 46, 'win_rate': 0.5652173913043478, 'avg_pnl': 245.8680652173897, 'total_pnl': 11309.930999999926, 'contribution': 0.16714716622182366}}"
9,20,3,0.5,2.0,0.01,24,55,"{'bear_high_vol': {'position_scale': 1.75, 'reward_risk': 2.5, 'stop_mult': 1.2, 'mfi_overbought': 60, 'trailing_stop': True}, 'bull_high_vol': {'position_scale': 1.0, 'reward_risk': 2.0, 'stop_mult': 1.2, 'mfi_overbought': 65, 'trailing_stop': True}, 'bear_med_vol': {'position_scale': 0.0, 'reward_risk': 2.0, 'stop_mult': 1.2}, 'bull_med_vol': {'position_scale': 0.0, 'reward_risk': 1.5, 'stop_mult': 1.2}, 'bull_low_vol': {'position_scale': 0.0, 'reward_risk': 1.5, 'stop_mult': 1.2}, 'bear_low_vol': {'position_scale': 0.0, 'reward_risk': 1.5, 'stop_mult': 1.2}}",25,60,65,63696.86239999982,0.86335176547519,0.5434782608695652,-0.167688739968636,92,692.3571999999981,0.6783341843478254,"{'bear_high_vol': {'trades': 46, 'win_rate': 0.5217391304347826, 'avg_pnl': 1252.2147043478235, 'total_pnl': 57601.87639999988, 'contribution': 0.9043126180733203}, 'bull_high_vol': {'trades': 46, 'win_rate': 0.5652173913043478, 'avg_pnl': 132.4996956521728, 'total_pnl': 6094.985999999948, 'contribution': 0.09568738192667972}}"
9,20,3,0.5,2.0,0.01,24,55,"{'bear_high_vol': {'position_scale': 1.75, 'reward_risk': 2.5, 'stop_mult': 1.2, 'mfi_overbought': 60, 'trailing_stop': True}, 'bull_high_vol': {'position_scale': 1.0, 'reward_risk': 2.0, 'stop_mult': 1.2, 'mfi_overbought': 70, 'trailing_stop': True}, 'bear_med_vol': {'position_scale': 0.0, 'reward_risk': 2.0, 'stop_mult': 1.2}, 'bull_med_vol': {'position_scale': 0.0, 'reward_risk': 1.5, 'stop_mult': 1.2}, 'bull_low_vol': {'position_scale': 0.0, 'reward_risk': 1.5, 'stop_mult': 1.2}, 'bear_low_vol': {'position_scale': 0.0, 'reward_risk': 1.5, 'stop_mult': 1.2}}",25,60,70,68053.59739999981,0.9194437678107319,0.5434782608695652,-0.15997830773290025,92,739.7130152173893,0.6972765104347819,"{'bear_high_vol': {'trades': 46, 'win_rate': 0.5217391304347826, 'avg_pnl': 1252.2147043478235, 'total_pnl': 57601.87639999988, 'contribution': 0.8464192724659702}, 'bull_high_vol': {'trades': 46, 'win_rate': 0.5652173913043478, 'avg_pnl': 227.211326086955, 'total_pnl': 10451.72099999993, 'contribution': 0.15358072753402982}}"
9,20,3,0.5,2.0,0.01,24,55,"{'bear_high_vol': {'position_scale': 1.75, 'reward_risk': 2.5, 'stop_mult': 1.2, 'mfi_overbought': 60, 'trailing_stop': True}, 'bull_high_vol': {'position_scale': 1.0, 'reward_risk': 2.0, 'stop_mult': 1.2, 'mfi_overbought': 75, 'trailing_stop': True}, 'bear_med_vol': {'position_scale': 0.0, 'reward_risk': 2.0, 'stop_mult': 1.2}, 'bull_med_vol': {'position_scale': 0.0, 'reward_risk': 1.5, 'stop_mult': 1.2}, 'bull_low_vol': {'position_scale': 0.0, 'reward_risk': 1.5, 'stop_mult': 1.2}, 'bear_low_vol': {'position_scale': 0.0, 'reward_risk': 1.5, 'stop_mult': 1.2}}",25,60,75,68911.8073999998,0.9304613674531563,0.5434782608695652,-0.15400040038515186,92,749.0413847826065,0.7010078582608688,"{'bear_high_vol': {'trades': 46, 'win_rate': 0.5217391304347826, 'avg_pnl': 1252.2147043478235, 'total_pnl': 57601.87639999988, 'contribution': 0.835878183627499}, 'bull_high_vol': {'trades': 46, 'win_rate': 0.5652173913043478, 'avg_pnl': 245.8680652173897, 'total_pnl': 11309.930999999926, 'contribution': 0.16412181637250103}}"
9,20,3,0.5,2.0,0.01,24,55,"{'bear_high_vol': {'position_scale': 1.75, 'reward_risk': 2.5, 'stop_mult': 1.2, 'mfi_overbought': 65, 'trailing_stop': True}, 'bull_high_vol': {'position_scale': 1.0, 'reward_risk': 2.0, 'stop_mult': 1.2, 'mfi_overbought': 65, 'trailing_stop': True}, 'bear_med_vol': {'position_scale': 0.0, 'reward_risk': 2.0, 'stop_mult': 1.2}, 'bull_med_vol': {'position_scale': 0.0, 'reward_risk': 1.5, 'stop_mult': 1.2}, 'bull_low_vol': {'position_scale': 0.0, 'reward_risk': 1.5, 'stop_mult': 1.2}, 'bear_low_vol': {'position_scale': 0.0, 'reward_risk': 1.5, 'stop_mult': 1.2}}",25,65,65,57923.96239999985,0.7796665590346608,0.532608695652174,-0.19977330329456913,92,629.6082869565201,0.6488867930434777,"{'bear_high_vol': {'trades': 46, 'win_rate': 0.5, 'avg_pnl': 1126.7168782608676, 'total_pnl': 51828.97639999991, 'contribution': 0.8947760866580503}, 'bull_high_vol': {'trades': 46, 'win_rate': 0.5652173913043478, 'avg_pnl': 132.4996956521728, 'total_pnl': 6094.985999999948, 'contribution': 0.10522391334194989}}"
9,20,3,0.5,2.0,0.01,24,55,"{'bear_high_vol': {'position_scale': 1.75, 'reward_risk': 2.5, 'stop_mult': 1.2, 'mfi_overbought': 65, 'trailing_stop': True}, 'bull_high_vol': {'position_scale': 1.0, 'reward_risk': 2.0, 'stop_mult': 1.2, 'mfi_overbought': 70, 'trailing_stop': True}, 'bear_med_vol': {'position_scale': 0.0, 'reward_risk': 2.0, 'stop_mult': 1.2}, 'bull_med_vol': {'position_scale': 0.0, 'reward_risk': 1.5, 'stop_mult': 1.2}, 'bull_low_vol': {'position_scale': 0.0, 'reward_risk': 1.5, 'stop_mult': 1.2}, 'bear_low_vol': {'position_scale': 0.0, 'reward_risk': 1.5, 'stop_mult': 1.2}}",25,65,70,62280.69739999983,0.8356412202312763,0.532608695652174,-0.19236009862647255,92,676.9641021739112,0.6678291191304342,"{'bear_high_vol': {'trades': 46, 'win_rate': 0.5, 'avg_pnl': 1126.7168782608676, 'total_pnl': 51828.97639999991, 'contribution': 0.8321836229149234}, 'bull_high_vol': {'trades': 46, 'win_rate': 0.5652173913043478, 'avg_pnl': 227.211326086955, 'total_pnl': 10451.72099999993, 'contribution': 0.16781637708507674}}"
9,20,3,0.5,2.0,0.01,24,55,"{'bear_high_vol': {'position_scale': 1.75, 'reward_risk': 2.5, 'stop_mult': 1.2, 'mfi_overbought': 65, 'trailing_stop': True}, 'bull_high_vol': {'position_scale': 1.0, 'reward_risk': 2.0, 'stop_mult': 1.2, 'mfi_overbought': 75, 'trailing_stop': True}, 'bear_med_vol': {'position_scale': 0.0, 'reward_risk': 2.0, 'stop_mult': 1.2}, 'bull_med_vol': {'position_scale': 0.0, 'reward_risk': 1.5, 'stop_mult': 1.2}, 'bull_low_vol': {'position_scale': 0.0, 'reward_risk': 1.5, 'stop_mult': 1.2}, 'bear_low_vol': {'position_scale': 0.0, 'reward_risk': 1.5, 'stop_mult': 1.2}}",25,65,75,63138.907399999836,0.8466350343049142,0.532608695652174,-0.18661263216792742,92,686.2924717391287,0.6715604669565212,"{'bear_high_vol': {'trades': 46, 'win_rate': 0.5, 'avg_pnl': 1126.7168782608676, 'total_pnl': 51828.97639999991, 'contribution': 0.820872240814228}, 'bull_high_vol': {'trades': 46, 'win_rate': 0.5652173913043478, 'avg_pnl': 245.8680652173897, 'total_pnl': 11309.930999999926, 'contribution': 0.17912775918577195}}"
9,20,3,0.5,2.0,0.01,24,55,"{'bear_high_vol': {'position_scale': 1.75, 'reward_risk': 2.5, 'stop_mult': 1.2, 'mfi_overbought': 55, 'trailing_stop': True}, 'bull_high_vol': {'position_scale': 1.0, 'reward_risk': 2.0, 'stop_mult': 1.2, 'mfi_overbought': 65, 'trailing_stop': True}, 'bear_med_vol': {'position_scale': 0.0, 'reward_risk': 2.0, 'stop_mult': 1.2}, 'bull_med_vol': {'position_scale': 0.0, 'reward_risk': 1.5, 'stop_mult': 1.2}, 'bull_low_vol': {'position_scale': 0.0, 'reward_risk': 1.5, 'stop_mult': 1.2}, 'bear_low_vol': {'position_scale': 0.0, 'reward_risk': 1.5, 'stop_mult': 1.2}}",30,55,65,79179.15439999991,1.0445363928510567,0.5728155339805825,-0.13428781915664398,103,768.7296543689312,0.7366180753398055,"{'bear_high_vol': {'trades': 53, 'win_rate': 0.5471698113207547, 'avg_pnl': 1332.3452528301877, 'total_pnl': 70614.29839999996, 'contribution': 0.8918294080695567}, 'bull_high_vol': {'trades': 50, 'win_rate': 0.6, 'avg_pnl': 171.2971199999993, 'total_pnl': 8564.855999999965, 'contribution': 0.10817059193044343}}"
9,20,3,0.5,2.0,0.01,24,55,"{'bear_high_vol': {'position_scale': 1.75, 'reward_risk': 2.5, 'stop_mult': 1.2, 'mfi_overbought': 55, 'trailing_stop': True}, 'bull_high_vol': {'position_scale': 1.0, 'reward_risk': 2.0, 'stop_mult': 1.2, 'mfi_overbought': 70, 'trailing_stop': True}, 'bear_med_vol': {'position_scale': 0.0, 'reward_risk': 2.0, 'stop_mult': 1.2}, 'bull_med_vol': {'position_scale': 0.0, 'reward_risk': 1.5, 'stop_mult': 1.2}, 'bull_low_vol': {'position_scale': 0.0, 'reward_risk': 1.5, 'stop_mult': 1.2}, 'bear_low_vol': {'position_scale': 0.0, 'reward_risk': 1.5, 'stop_mult': 1.2}}",30,55,70,83845.3893999999,1.1025415493068698,0.5728155339805825,-0.13163162297161707,103,814.0329067961155,0.7547393763106791,"{'bear_high_vol': {'trades': 53, 'win_rate': 0.5471698113207547, 'avg_pnl': 1332.3452528301877, 'total_pnl': 70614.29839999996, 'contribution': 0.8421965585146419}, 'bull_high_vol': {'trades': 50, 'win_rate': 0.6, 'avg_pnl': 264.6218199999989, 'total_pnl': 13231.090999999944, 'contribution': 0.15780344148535805}}"
9,20,3,0.5,2.0,0.01,24,55,"{'bear_high_vol': {'position_scale': 1.75, 'reward_risk': 2.5, 'stop_mult': 1.2, 'mfi_overbought': 55, 'trailing_stop': True}, 'bull_high_vol': {'position_scale': 1.0, 'reward_risk': 2.0, 'stop_mult': 1.2, 'mfi_overbought': 75, 'trailing_stop': True}, 'bear_med_vol': {'position_scale': 0.0, 'reward_risk': 2.0, 'stop_mult': 1.2}, 'bull_med_vol': {'position_scale': 0.0, 'reward_risk': 1.5, 'stop_mult': 1.2}, 'bull_low_vol': {'position_scale': 0.0, 'reward_risk': 1.5, 'stop_mult': 1.2}, 'bear_low_vol': {'position_scale': 0.0, 'reward_risk': 1.5, 'stop_mult': 1.2}}",30,55,75,84703.59939999989,1.1131828123029812,0.5728155339805825,-0.13163162297161718,103,822.3650427184456,0.7580722306796113,"{'bear_high_vol': {'trades': 53, 'win_rate': 0.5471698113207547, 'avg_pnl': 1332.3452528301877, 'total_pnl': 70614.29839999996, 'contribution': 0.8336634912825209}, 'bull_high_vol': {'trades': 50, 'win_rate': 0.6, 'avg_pnl': 281.78601999999887, 'total_pnl': 14089.300999999943, 'contribution': 0.16633650871747915}}"
9,20,3,0.5,2.0,0.01,24,55,"{'bear_high_vol': {'position_scale': 1.75, 'reward_risk': 2.5, 'stop_mult': 1.2, 'mfi_overbought': 60, 'trailing_stop': True}, 'bull_high_vol': {'position_scale': 1.0, 'reward_risk': 2.0, 'stop_mult': 1.2, 'mfi_overbought': 65, 'trailing_stop': True}, 'bear_med_vol': {'position_scale': 0.0, 'reward_risk': 2.0, 'stop_mult': 1.2}, 'bull_med_vol': {'position_scale': 0.0, 'reward_risk': 1.5, 'stop_mult': 1.2}, 'bull_low_vol': {'position_scale': 0.0, 'reward_risk': 1.5, 'stop_mult': 1.2}, 'bear_low_vol': {'position_scale': 0.0, 'reward_risk': 1.5, 'stop_mult': 1.2}}",30,60,65,78797.35239999979,1.0220886481241918,0.5631067961165048,-0.1555515345249919,103,765.0228388349494,0.7312518539805817,"{'bear_high_vol': {'trades': 53, 'win_rate': 0.5283018867924528, 'avg_pnl': 1325.1414415094307, 'total_pnl': 70232.49639999983, 'contribution': 0.891305281977977}, 'bull_high_vol': {'trades': 50, 'win_rate': 0.6, 'avg_pnl': 171.2971199999993, 'total_pnl': 8564.855999999965, 'contribution': 0.10869471802202314}}"
9,20,3,0.5,2.0,0.01,24,55,"{'bear_high_vol': {'position_scale': 1.75, 'reward_risk': 2.5, 'stop_mult': 1.2, 'mfi_overbought': 60, 'trailing_stop': True}, 'bull_high_vol': {'position_scale': 1.0, 'reward_risk': 2.0, 'stop_mult': 1.2, 'mfi_overbought': 70, 'trailing_stop': True}, 'bear_med_vol': {'position_scale': 0.0, 'reward_risk': 2.0, 'stop_mult': 1.2}, 'bull_med_vol': {'position_scale': 0.0, 'reward_risk': 1.5, 'stop_mult': 1.2}, 'bull_low_vol': {'position_scale': 0.0, 'reward_risk': 1.5, 'stop_mult': 1.2}, 'bear_low_vol': {'position_scale': 0.0, 'reward_risk': 1.5, 'stop_mult': 1.2}}",30,60,70,83463.58739999977,1.0792518333542231,0.5631067961165048,-0.1451137079634812,103,810.3260912621337,0.7493731549514553,"{'bear_high_vol': {'trades': 53, 'win_rate': 0.5283018867924528, 'avg_pnl': 1325.1414415094307, 'total_pnl': 70232.49639999983, 'contribution': 0.8414746907943238}, 'bull_high_vol': {'trades': 50, 'win_rate': 0.6, 'avg_pnl': 264.6218199999989, 'total_pnl': 13231.090999999944, 'contribution': 0.1585253092056762}}"
9,20,3,0.5,2.0,0.01,24,55,"{'bear_high_vol': {'position_scale': 1.75, 'reward_risk': 2.5, 'stop_mult': 1.2, 'mfi_overbought': 60, 'trailing_stop': True}, 'bull_high_vol': {'position_scale': 1.0, 'reward_risk': 2.0, 'stop_mult': 1.2, 'mfi_overbought': 75, 'trailing_stop': True}, 'bear_med_vol': {'position_scale': 0.0, 'reward_risk': 2.0, 'stop_mult': 1.2}, 'bull_med_vol': {'position_scale': 0.0, 'reward_risk': 1.5, 'stop_mult': 1.2}, 'bull_low_vol': {'position_scale': 0.0, 'reward_risk': 1.5, 'stop_mult': 1.2}, 'bear_low_vol': {'position_scale': 0.0, 'reward_risk': 1.5, 'stop_mult': 1.2}}",30,60,75,84321.79739999976,1.0897393749947621,0.5631067961165048,-0.13903001858533864,103,818.6582271844637,0.7527060093203874,"{'bear_high_vol': {'trades': 53, 'win_rate': 0.5283018867924528, 'avg_pnl': 1325.1414415094307, 'total_pnl': 70232.49639999983, 'contribution': 0.8329103335740804}, 'bull_high_vol': {'trades': 50, 'win_rate': 0.6, 'avg_pnl': 281.78601999999887, 'total_pnl': 14089.300999999943, 'contribution': 0.1670896664259197}}"
9,20,3,0.5,2.0,0.01,24,55,"{'bear_high_vol': {'position_scale': 1.75, 'reward_risk': 2.5, 'stop_mult': 1.2, 'mfi_overbought': 65, 'trailing_stop': True}, 'bull_high_vol': {'position_scale': 1.0, 'reward_risk': 2.0, 'stop_mult': 1.2, 'mfi_overbought': 65, 'trailing_stop': True}, 'bear_med_vol': {'position_scale': 0.0, 'reward_risk': 2.0, 'stop_mult': 1.2}, 'bull_med_vol': {'position_scale': 0.0, 'reward_risk': 1.5, 'stop_mult': 1.2}, 'bull_low_vol': {'position_scale': 0.0, 'reward_risk': 1.5, 'stop_mult': 1.2}, 'bear_low_vol': {'position_scale': 0.0, 'reward_risk': 1.5, 'stop_mult': 1.2}}",30,65,65,72343.93239999982,0.9322130775499875,0.5436893203883495,-0.18810397201694565,103,702.3682757281535,0.6984230384466013,"{'bear_high_vol': {'trades': 53, 'win_rate': 0.49056603773584906, 'avg_pnl': 1203.3787999999975, 'total_pnl': 63779.07639999986, 'contribution': 0.8816092004420819}, 'bull_high_vol': {'trades': 50, 'win_rate': 0.6, 'avg_pnl': 171.2971199999993, 'total_pnl': 8564.855999999965, 'contribution': 0.11839079955791824}}"
9,20,3,0.5,2.0,0.01,24,55,"{'bear_high_vol': {'position_scale': 1.75, 'reward_risk': 2.5, 'stop_mult': 1.2, 'mfi_overbought': 65, 'trailing_stop': True}, 'bull_high_vol': {'position_scale': 1.0, 'reward_risk': 2.0, 'stop_mult': 1.2, 'mfi_overbought': 70, 'trailing_stop': True}, 'bear_med_vol': {'position_scale': 0.0, 'reward_risk': 2.0, 'stop_mult': 1.2}, 'bull_med_vol': {'position_scale': 0.0, 'reward_risk': 1.5, 'stop_mult': 1.2}, 'bull_low_vol': {'position_scale': 0.0, 'reward_risk': 1.5, 'stop_mult': 1.2}, 'bear_low_vol': {'position_scale': 0.0, 'reward_risk': 1.5, 'stop_mult': 1.2}}",30,65,70,77010.1673999998,0.9892795499525265,0.5436893203883495,-0.17806851068029697,103,747.6715281553379,0.7165443394174751,"{'bear_high_vol': {'trades': 53, 'win_rate': 0.49056603773584906, 'avg_pnl': 1203.3787999999975, 'total_pnl': 63779.07639999986, 'contribution': 0.8281903358127232}, 'bull_high_vol': {'trades': 50, 'win_rate': 0.6, 'avg_pnl': 264.6218199999989, 'total_pnl': 13231.090999999944, 'contribution': 0.1718096641872769}}"
9,20,3,0.5,2.0,0.01,24,55,"{'bear_high_vol': {'position_scale': 1.75, 'reward_risk': 2.5, 'stop_mult': 1.2, 'mfi_overbought': 65, 'trailing_stop': True}, 'bull_high_vol': {'position_scale': 1.0, 'reward_risk': 2.0, 'stop_mult': 1.2, 'mfi_overbought': 75, 'trailing_stop': True}, 'bear_med_vol': {'position_scale': 0.0, 'reward_risk': 2.0, 'stop_mult': 1.2}, 'bull_med_vol': {'position_scale': 0.0, 'reward_risk': 1.5, 'stop_mult': 1.2}, 'bull_low_vol': {'position_scale': 0.0, 'reward_risk': 1.5, 'stop_mult': 1.2}, 'bear_low_vol': {'position_scale': 0.0, 'reward_risk': 1.5, 'stop_mult': 1.2}}",30,65,75,77868.3773999998,0.9997484194709084,0.5436893203883495,-0.17221933995699149,103,756.0036640776678,0.719877193786407,"{'bear_high_vol': {'trades': 53, 'win_rate': 0.49056603773584906, 'avg_pnl': 1203.3787999999975, 'total_pnl': 63779.07639999986, 'contribution': 0.8190626096184718}, 'bull_high_vol': {'trades': 50, 'win_rate': 0.6, 'avg_pnl': 281.78601999999887, 'total_pnl': 14089.300999999943, 'contribution': 0.18093739038152837}}"
