VWAP Window,Min Stop Dollars,Max Stop Dollars,Risk Per Trade,Max Hold Hours,mfi_entry,bear_exit,bull_exit,MFI Period,Regime Window,ATR Period,regime_params,total_pnl,sharpe_ratio,win_rate,max_drawdown,total_trades,avg_trade_pnl,signal_quality,regime_contribution
50,0.5,2.0,0.01,24,30,55,75,7,15,2,"{'bear_high_vol': {'position_scale': 1.75, 'reward_risk': 2.5, 'stop_mult': 1.2, 'mfi_overbought': 55, 'trailing_stop': True}, 'bull_high_vol': {'position_scale': 1.0, 'reward_risk': 2.0, 'stop_mult': 1.2, 'mfi_overbought': 75, 'trailing_stop': True}, 'bear_med_vol': {'position_scale': 0.0, 'reward_risk': 2.0, 'stop_mult': 1.2}, 'bull_med_vol': {'position_scale': 0.0, 'reward_risk': 1.5, 'stop_mult': 1.2}, 'bull_low_vol': {'position_scale': 0.0, 'reward_risk': 1.5, 'stop_mult': 1.2}, 'bear_low_vol': {'position_scale': 0.0, 'reward_risk': 1.5, 'stop_mult': 1.2}}",55087.99189999972,0.5179705431050712,0.5089285714285714,-0.35900586261391937,112,491.8570705357118,0.6003142567857134,"{'bear_high_vol': {'trades': 65, 'win_rate': 0.5538461538461539, 'avg_pnl': 869.8769169230693, 'total_pnl': 56541.99959999951, 'contribution': 1.0263942766808278}, 'bull_high_vol': {'trades': 47, 'win_rate': 0.44680851063829785, 'avg_pnl': -30.9363340425488, 'total_pnl': -1454.0076999997937, 'contribution': -0.02639427668082781}}"
50,0.5,2.0,0.01,24,30,55,75,7,15,3,"{'bear_high_vol': {'position_scale': 1.75, 'reward_risk': 2.5, 'stop_mult': 1.2, 'mfi_overbought': 55, 'trailing_stop': True}, 'bull_high_vol': {'position_scale': 1.0, 'reward_risk': 2.0, 'stop_mult': 1.2, 'mfi_overbought': 75, 'trailing_stop': True}, 'bear_med_vol': {'position_scale': 0.0, 'reward_risk': 2.0, 'stop_mult': 1.2}, 'bull_med_vol': {'position_scale': 0.0, 'reward_risk': 1.5, 'stop_mult': 1.2}, 'bull_low_vol': {'position_scale': 0.0, 'reward_risk': 1.5, 'stop_mult': 1.2}, 'bear_low_vol': {'position_scale': 0.0, 'reward_risk': 1.5, 'stop_mult': 1.2}}",34738.571699999695,0.46786684515982985,0.4824561403508772,-0.3243119552841783,114,304.7243131578921,0.5148721814035078,"{'bear_high_vol': {'trades': 65, 'win_rate': 0.5384615384615384, 'avg_pnl': 543.6983692307616, 'total_pnl': 35340.393999999505, 'contribution': 1.0173243248224801}, 'bull_high_vol': {'trades': 49, 'win_rate': 0.40816326530612246, 'avg_pnl': -12.282087755098335, 'total_pnl': -601.8222999998184, 'contribution': -0.017324324822480357}}"
50,0.5,2.0,0.01,24,30,55,75,7,15,4,"{'bear_high_vol': {'position_scale': 1.75, 'reward_risk': 2.5, 'stop_mult': 1.2, 'mfi_overbought': 55, 'trailing_stop': True}, 'bull_high_vol': {'position_scale': 1.0, 'reward_risk': 2.0, 'stop_mult': 1.2, 'mfi_overbought': 75, 'trailing_stop': True}, 'bear_med_vol': {'position_scale': 0.0, 'reward_risk': 2.0, 'stop_mult': 1.2}, 'bull_med_vol': {'position_scale': 0.0, 'reward_risk': 1.5, 'stop_mult': 1.2}, 'bull_low_vol': {'position_scale': 0.0, 'reward_risk': 1.5, 'stop_mult': 1.2}, 'bear_low_vol': {'position_scale': 0.0, 'reward_risk': 1.5, 'stop_mult': 1.2}}",35299.4881999998,0.5520331100520592,0.49107142857142855,-0.29597077512627606,112,315.1740017857125,0.5224981721428565,"{'bear_high_vol': {'trades': 64, 'win_rate': 0.546875, 'avg_pnl': 572.8051078124934, 'total_pnl': 36659.526899999575, 'contribution': 1.0385285671082274}, 'bull_high_vol': {'trades': 48, 'win_rate': 0.4166666666666667, 'avg_pnl': -28.33413958332868, 'total_pnl': -1360.0386999997768, 'contribution': -0.03852856710822749}}"
50,0.5,2.0,0.01,24,30,55,75,7,15,5,"{'bear_high_vol': {'position_scale': 1.75, 'reward_risk': 2.5, 'stop_mult': 1.2, 'mfi_overbought': 55, 'trailing_stop': True}, 'bull_high_vol': {'position_scale': 1.0, 'reward_risk': 2.0, 'stop_mult': 1.2, 'mfi_overbought': 75, 'trailing_stop': True}, 'bear_med_vol': {'position_scale': 0.0, 'reward_risk': 2.0, 'stop_mult': 1.2}, 'bull_med_vol': {'position_scale': 0.0, 'reward_risk': 1.5, 'stop_mult': 1.2}, 'bull_low_vol': {'position_scale': 0.0, 'reward_risk': 1.5, 'stop_mult': 1.2}, 'bear_low_vol': {'position_scale': 0.0, 'reward_risk': 1.5, 'stop_mult': 1.2}}",34929.51549999985,0.5967692925234218,0.49107142857142855,-0.2750888814791863,112,311.8706741071415,0.521176841071428,"{'bear_high_vol': {'trades': 64, 'win_rate': 0.546875, 'avg_pnl': 562.364404687494, 'total_pnl': 35991.32189999962, 'contribution': 1.030398543604184}, 'bull_high_vol': {'trades': 48, 'win_rate': 0.4166666666666667, 'avg_pnl': -22.12096666666208, 'total_pnl': -1061.8063999997798, 'contribution': -0.030398543604184387}}"
50,0.5,2.0,0.01,24,30,55,75,7,20,2,"{'bear_high_vol': {'position_scale': 1.75, 'reward_risk': 2.5, 'stop_mult': 1.2, 'mfi_overbought': 55, 'trailing_stop': True}, 'bull_high_vol': {'position_scale': 1.0, 'reward_risk': 2.0, 'stop_mult': 1.2, 'mfi_overbought': 75, 'trailing_stop': True}, 'bear_med_vol': {'position_scale': 0.0, 'reward_risk': 2.0, 'stop_mult': 1.2}, 'bull_med_vol': {'position_scale': 0.0, 'reward_risk': 1.5, 'stop_mult': 1.2}, 'bull_low_vol': {'position_scale': 0.0, 'reward_risk': 1.5, 'stop_mult': 1.2}, 'bear_low_vol': {'position_scale': 0.0, 'reward_risk': 1.5, 'stop_mult': 1.2}}",89844.11269999975,0.8463376174785261,0.5454545454545454,-0.18354011115002575,121,742.5133280991715,0.7151871494214868,"{'bear_high_vol': {'trades': 66, 'win_rate': 0.5757575757575758, 'avg_pnl': 1354.9442818181788, 'total_pnl': 89426.3225999998, 'contribution': 0.9953498333118943}, 'bull_high_vol': {'trades': 55, 'win_rate': 0.509090909090909, 'avg_pnl': 7.596183636362656, 'total_pnl': 417.79009999994605, 'contribution': 0.004650166688105622}}"
50,0.5,2.0,0.01,24,30,55,75,7,20,3,"{'bear_high_vol': {'position_scale': 1.75, 'reward_risk': 2.5, 'stop_mult': 1.2, 'mfi_overbought': 55, 'trailing_stop': True}, 'bull_high_vol': {'position_scale': 1.0, 'reward_risk': 2.0, 'stop_mult': 1.2, 'mfi_overbought': 75, 'trailing_stop': True}, 'bear_med_vol': {'position_scale': 0.0, 'reward_risk': 2.0, 'stop_mult': 1.2}, 'bull_med_vol': {'position_scale': 0.0, 'reward_risk': 1.5, 'stop_mult': 1.2}, 'bull_low_vol': {'position_scale': 0.0, 'reward_risk': 1.5, 'stop_mult': 1.2}, 'bear_low_vol': {'position_scale': 0.0, 'reward_risk': 1.5, 'stop_mult': 1.2}}",70781.8479999999,0.9410717851102396,0.5447154471544715,-0.132784763511837,123,575.4621788617877,0.6480710504065037,"{'bear_high_vol': {'trades': 66, 'win_rate': 0.5757575757575758, 'avg_pnl': 1030.9555484848472, 'total_pnl': 68043.06619999991, 'contribution': 0.9613067208982734}, 'bull_high_vol': {'trades': 57, 'win_rate': 0.5087719298245614, 'avg_pnl': 48.04880350877186, 'total_pnl': 2738.781799999996, 'contribution': 0.03869327910172676}}"
50,0.5,2.0,0.01,24,30,55,75,7,20,4,"{'bear_high_vol': {'position_scale': 1.75, 'reward_risk': 2.5, 'stop_mult': 1.2, 'mfi_overbought': 55, 'trailing_stop': True}, 'bull_high_vol': {'position_scale': 1.0, 'reward_risk': 2.0, 'stop_mult': 1.2, 'mfi_overbought': 75, 'trailing_stop': True}, 'bear_med_vol': {'position_scale': 0.0, 'reward_risk': 2.0, 'stop_mult': 1.2}, 'bull_med_vol': {'position_scale': 0.0, 'reward_risk': 1.5, 'stop_mult': 1.2}, 'bull_low_vol': {'position_scale': 0.0, 'reward_risk': 1.5, 'stop_mult': 1.2}, 'bear_low_vol': {'position_scale': 0.0, 'reward_risk': 1.5, 'stop_mult': 1.2}}",67939.28850000004,1.0171187581446854,0.5447154471544715,-0.1137512181817316,123,552.3519390243905,0.6388269544715448,"{'bear_high_vol': {'trades': 65, 'win_rate': 0.5846153846153846, 'avg_pnl': 1001.3098107692309, 'total_pnl': 65085.13770000001, 'contribution': 0.9579896866302915}, 'bull_high_vol': {'trades': 58, 'win_rate': 0.5, 'avg_pnl': 49.209496551725, 'total_pnl': 2854.1508000000504, 'contribution': 0.04201031336970873}}"
50,0.5,2.0,0.01,24,30,55,75,7,20,5,"{'bear_high_vol': {'position_scale': 1.75, 'reward_risk': 2.5, 'stop_mult': 1.2, 'mfi_overbought': 55, 'trailing_stop': True}, 'bull_high_vol': {'position_scale': 1.0, 'reward_risk': 2.0, 'stop_mult': 1.2, 'mfi_overbought': 75, 'trailing_stop': True}, 'bear_med_vol': {'position_scale': 0.0, 'reward_risk': 2.0, 'stop_mult': 1.2}, 'bull_med_vol': {'position_scale': 0.0, 'reward_risk': 1.5, 'stop_mult': 1.2}, 'bull_low_vol': {'position_scale': 0.0, 'reward_risk': 1.5, 'stop_mult': 1.2}, 'bear_low_vol': {'position_scale': 0.0, 'reward_risk': 1.5, 'stop_mult': 1.2}}",70192.76969999996,1.1297194362943888,0.5447154471544715,-0.09337436747777954,123,570.6729243902436,0.6461553486178861,"{'bear_high_vol': {'trades': 65, 'win_rate': 0.5846153846153846, 'avg_pnl': 1001.3557553846143, 'total_pnl': 65088.12409999993, 'contribution': 0.9272767605293678}, 'bull_high_vol': {'trades': 58, 'win_rate': 0.5, 'avg_pnl': 88.01113103448365, 'total_pnl': 5104.645600000052, 'contribution': 0.07272323947063246}}"
50,0.5,2.0,0.01,24,30,55,75,7,25,2,"{'bear_high_vol': {'position_scale': 1.75, 'reward_risk': 2.5, 'stop_mult': 1.2, 'mfi_overbought': 55, 'trailing_stop': True}, 'bull_high_vol': {'position_scale': 1.0, 'reward_risk': 2.0, 'stop_mult': 1.2, 'mfi_overbought': 75, 'trailing_stop': True}, 'bear_med_vol': {'position_scale': 0.0, 'reward_risk': 2.0, 'stop_mult': 1.2}, 'bull_med_vol': {'position_scale': 0.0, 'reward_risk': 1.5, 'stop_mult': 1.2}, 'bull_low_vol': {'position_scale': 0.0, 'reward_risk': 1.5, 'stop_mult': 1.2}, 'bear_low_vol': {'position_scale': 0.0, 'reward_risk': 1.5, 'stop_mult': 1.2}}",75676.83849999987,0.6888185913200591,0.5426356589147286,-0.2557218882396245,129,586.6421589147277,0.6517111271317826,"{'bear_high_vol': {'trades': 76, 'win_rate': 0.5789473684210527, 'avg_pnl': 997.2846249999952, 'total_pnl': 75793.63149999964, 'contribution': 1.0015433123570532}, 'bull_high_vol': {'trades': 53, 'win_rate': 0.49056603773584906, 'avg_pnl': -2.203641509430301, 'total_pnl': -116.79299999980594, 'contribution': -0.0015433123570536861}}"
50,0.5,2.0,0.01,24,30,55,75,7,25,3,"{'bear_high_vol': {'position_scale': 1.75, 'reward_risk': 2.5, 'stop_mult': 1.2, 'mfi_overbought': 55, 'trailing_stop': True}, 'bull_high_vol': {'position_scale': 1.0, 'reward_risk': 2.0, 'stop_mult': 1.2, 'mfi_overbought': 75, 'trailing_stop': True}, 'bear_med_vol': {'position_scale': 0.0, 'reward_risk': 2.0, 'stop_mult': 1.2}, 'bull_med_vol': {'position_scale': 0.0, 'reward_risk': 1.5, 'stop_mult': 1.2}, 'bull_low_vol': {'position_scale': 0.0, 'reward_risk': 1.5, 'stop_mult': 1.2}, 'bear_low_vol': {'position_scale': 0.0, 'reward_risk': 1.5, 'stop_mult': 1.2}}",62715.29749999986,0.7997482223494254,0.5267175572519084,-0.19236156114263095,131,478.74272900763253,0.6021841145038165,"{'bear_high_vol': {'trades': 77, 'win_rate': 0.5714285714285714, 'avg_pnl': 798.7701519480487, 'total_pnl': 61505.30169999975, 'contribution': 0.9807065285786117}, 'bull_high_vol': {'trades': 54, 'win_rate': 0.46296296296296297, 'avg_pnl': 22.40732962963177, 'total_pnl': 1209.9958000001157, 'contribution': 0.01929347142138835}}"
50,0.5,2.0,0.01,24,30,55,75,7,25,4,"{'bear_high_vol': {'position_scale': 1.75, 'reward_risk': 2.5, 'stop_mult': 1.2, 'mfi_overbought': 55, 'trailing_stop': True}, 'bull_high_vol': {'position_scale': 1.0, 'reward_risk': 2.0, 'stop_mult': 1.2, 'mfi_overbought': 75, 'trailing_stop': True}, 'bear_med_vol': {'position_scale': 0.0, 'reward_risk': 2.0, 'stop_mult': 1.2}, 'bull_med_vol': {'position_scale': 0.0, 'reward_risk': 1.5, 'stop_mult': 1.2}, 'bull_low_vol': {'position_scale': 0.0, 'reward_risk': 1.5, 'stop_mult': 1.2}, 'bear_low_vol': {'position_scale': 0.0, 'reward_risk': 1.5, 'stop_mult': 1.2}}",62430.01480000002,0.9039039130768817,0.5230769230769231,-0.1824114718086168,130,480.23088307692325,0.6013231224615385,"{'bear_high_vol': {'trades': 75, 'win_rate': 0.5866666666666667, 'avg_pnl': 810.4003119999983, 'total_pnl': 60780.023399999875, 'contribution': 0.9735705428665036}, 'bull_high_vol': {'trades': 55, 'win_rate': 0.43636363636363634, 'avg_pnl': 29.999843636366496, 'total_pnl': 1649.9914000001572, 'contribution': 0.026429457133496575}}"
50,0.5,2.0,0.01,24,30,55,75,7,25,5,"{'bear_high_vol': {'position_scale': 1.75, 'reward_risk': 2.5, 'stop_mult': 1.2, 'mfi_overbought': 55, 'trailing_stop': True}, 'bull_high_vol': {'position_scale': 1.0, 'reward_risk': 2.0, 'stop_mult': 1.2, 'mfi_overbought': 75, 'trailing_stop': True}, 'bear_med_vol': {'position_scale': 0.0, 'reward_risk': 2.0, 'stop_mult': 1.2}, 'bull_med_vol': {'position_scale': 0.0, 'reward_risk': 1.5, 'stop_mult': 1.2}, 'bull_low_vol': {'position_scale': 0.0, 'reward_risk': 1.5, 'stop_mult': 1.2}, 'bear_low_vol': {'position_scale': 0.0, 'reward_risk': 1.5, 'stop_mult': 1.2}}",62997.81740000002,0.9802548806803347,0.5230769230769231,-0.1777589255961488,130,484.5985953846156,0.6030702073846155,"{'bear_high_vol': {'trades': 75, 'win_rate': 0.5866666666666667, 'avg_pnl': 808.2634119999985, 'total_pnl': 60619.75589999989, 'contribution': 0.9622516842940636}, 'bull_high_vol': {'trades': 55, 'win_rate': 0.43636363636363634, 'avg_pnl': 43.23748181818439, 'total_pnl': 2378.0615000001417, 'contribution': 0.037748315705936515}}"
50,0.5,2.0,0.01,24,30,55,75,7,30,2,"{'bear_high_vol': {'position_scale': 1.75, 'reward_risk': 2.5, 'stop_mult': 1.2, 'mfi_overbought': 55, 'trailing_stop': True}, 'bull_high_vol': {'position_scale': 1.0, 'reward_risk': 2.0, 'stop_mult': 1.2, 'mfi_overbought': 75, 'trailing_stop': True}, 'bear_med_vol': {'position_scale': 0.0, 'reward_risk': 2.0, 'stop_mult': 1.2}, 'bull_med_vol': {'position_scale': 0.0, 'reward_risk': 1.5, 'stop_mult': 1.2}, 'bull_low_vol': {'position_scale': 0.0, 'reward_risk': 1.5, 'stop_mult': 1.2}, 'bear_low_vol': {'position_scale': 0.0, 'reward_risk': 1.5, 'stop_mult': 1.2}}",68974.0606,0.6578118719704551,0.575,-0.2311590474415769,120,574.7838383333333,0.6599135353333333,"{'bear_high_vol': {'trades': 71, 'win_rate': 0.6338028169014085, 'avg_pnl': 937.2383295774637, 'total_pnl': 66543.92139999992, 'contribution': 0.9647673461753522}, 'bull_high_vol': {'trades': 49, 'win_rate': 0.4897959183673469, 'avg_pnl': 49.59467755102172, 'total_pnl': 2430.139200000064, 'contribution': 0.03523265382464758}}"
50,0.5,2.0,0.01,24,30,55,75,7,30,3,"{'bear_high_vol': {'position_scale': 1.75, 'reward_risk': 2.5, 'stop_mult': 1.2, 'mfi_overbought': 55, 'trailing_stop': True}, 'bull_high_vol': {'position_scale': 1.0, 'reward_risk': 2.0, 'stop_mult': 1.2, 'mfi_overbought': 75, 'trailing_stop': True}, 'bear_med_vol': {'position_scale': 0.0, 'reward_risk': 2.0, 'stop_mult': 1.2}, 'bull_med_vol': {'position_scale': 0.0, 'reward_risk': 1.5, 'stop_mult': 1.2}, 'bull_low_vol': {'position_scale': 0.0, 'reward_risk': 1.5, 'stop_mult': 1.2}, 'bear_low_vol': {'position_scale': 0.0, 'reward_risk': 1.5, 'stop_mult': 1.2}}",62623.650099999984,0.831810236903571,0.5573770491803278,-0.17289223214008642,122,513.308607377049,0.6282742626229507,"{'bear_high_vol': {'trades': 72, 'win_rate': 0.625, 'avg_pnl': 846.8263374999988, 'total_pnl': 60971.49629999991, 'contribution': 0.9736177339174282}, 'bull_high_vol': {'trades': 50, 'win_rate': 0.46, 'avg_pnl': 33.043076000001655, 'total_pnl': 1652.1538000000828, 'contribution': 0.026382266082571944}}"
50,0.5,2.0,0.01,24,30,55,75,7,30,4,"{'bear_high_vol': {'position_scale': 1.75, 'reward_risk': 2.5, 'stop_mult': 1.2, 'mfi_overbought': 55, 'trailing_stop': True}, 'bull_high_vol': {'position_scale': 1.0, 'reward_risk': 2.0, 'stop_mult': 1.2, 'mfi_overbought': 75, 'trailing_stop': True}, 'bear_med_vol': {'position_scale': 0.0, 'reward_risk': 2.0, 'stop_mult': 1.2}, 'bull_med_vol': {'position_scale': 0.0, 'reward_risk': 1.5, 'stop_mult': 1.2}, 'bull_low_vol': {'position_scale': 0.0, 'reward_risk': 1.5, 'stop_mult': 1.2}, 'bear_low_vol': {'position_scale': 0.0, 'reward_risk': 1.5, 'stop_mult': 1.2}}",63171.71510000019,0.9442959717900405,0.5491803278688525,-0.17144235574651792,122,517.8009434426245,0.6267925085245909,"{'bear_high_vol': {'trades': 71, 'win_rate': 0.6338028169014085, 'avg_pnl': 866.170864788733, 'total_pnl': 61498.13140000004, 'contribution': 0.9735073885939161}, 'bull_high_vol': {'trades': 51, 'win_rate': 0.43137254901960786, 'avg_pnl': 32.815366666669675, 'total_pnl': 1673.5837000001534, 'contribution': 0.026492611406083992}}"
50,0.5,2.0,0.01,24,30,55,75,7,30,5,"{'bear_high_vol': {'position_scale': 1.75, 'reward_risk': 2.5, 'stop_mult': 1.2, 'mfi_overbought': 55, 'trailing_stop': True}, 'bull_high_vol': {'position_scale': 1.0, 'reward_risk': 2.0, 'stop_mult': 1.2, 'mfi_overbought': 75, 'trailing_stop': True}, 'bear_med_vol': {'position_scale': 0.0, 'reward_risk': 2.0, 'stop_mult': 1.2}, 'bull_med_vol': {'position_scale': 0.0, 'reward_risk': 1.5, 'stop_mult': 1.2}, 'bull_low_vol': {'position_scale': 0.0, 'reward_risk': 1.5, 'stop_mult': 1.2}, 'bear_low_vol': {'position_scale': 0.0, 'reward_risk': 1.5, 'stop_mult': 1.2}}",63910.88070000024,1.0221155179207497,0.5491803278688525,-0.16745279789354242,122,523.8596778688544,0.6292160022950828,"{'bear_high_vol': {'trades': 71, 'win_rate': 0.6338028169014085, 'avg_pnl': 871.5738845070433, 'total_pnl': 61881.74580000008, 'contribution': 0.9682505564345922}, 'bull_high_vol': {'trades': 51, 'win_rate': 0.43137254901960786, 'avg_pnl': 39.786958823532395, 'total_pnl': 2029.1349000001521, 'contribution': 0.03174944356540755}}"
50,0.5,2.0,0.01,24,30,55,75,9,15,2,"{'bear_high_vol': {'position_scale': 1.75, 'reward_risk': 2.5, 'stop_mult': 1.2, 'mfi_overbought': 55, 'trailing_stop': True}, 'bull_high_vol': {'position_scale': 1.0, 'reward_risk': 2.0, 'stop_mult': 1.2, 'mfi_overbought': 75, 'trailing_stop': True}, 'bear_med_vol': {'position_scale': 0.0, 'reward_risk': 2.0, 'stop_mult': 1.2}, 'bull_med_vol': {'position_scale': 0.0, 'reward_risk': 1.5, 'stop_mult': 1.2}, 'bull_low_vol': {'position_scale': 0.0, 'reward_risk': 1.5, 'stop_mult': 1.2}, 'bear_low_vol': {'position_scale': 0.0, 'reward_risk': 1.5, 'stop_mult': 1.2}}",89462.52899999986,0.8597843635993476,0.5434782608695652,-0.1732822918309126,92,972.4187934782594,0.79035882173913,"{'bear_high_vol': {'trades': 52, 'win_rate': 0.5576923076923077, 'avg_pnl': 1656.667301923069, 'total_pnl': 86146.69969999959, 'contribution': 0.9629361103797962}, 'bull_high_vol': {'trades': 40, 'win_rate': 0.525, 'avg_pnl': 82.89573250000674, 'total_pnl': 3315.8293000002695, 'contribution': 0.037063889620203724}}"
50,0.5,2.0,0.01,24,30,55,75,9,15,3,"{'bear_high_vol': {'position_scale': 1.75, 'reward_risk': 2.5, 'stop_mult': 1.2, 'mfi_overbought': 55, 'trailing_stop': True}, 'bull_high_vol': {'position_scale': 1.0, 'reward_risk': 2.0, 'stop_mult': 1.2, 'mfi_overbought': 75, 'trailing_stop': True}, 'bear_med_vol': {'position_scale': 0.0, 'reward_risk': 2.0, 'stop_mult': 1.2}, 'bull_med_vol': {'position_scale': 0.0, 'reward_risk': 1.5, 'stop_mult': 1.2}, 'bull_low_vol': {'position_scale': 0.0, 'reward_risk': 1.5, 'stop_mult': 1.2}, 'bear_low_vol': {'position_scale': 0.0, 'reward_risk': 1.5, 'stop_mult': 1.2}}",57915.58049999987,0.7787760439963121,0.5052631578947369,-0.23953738948852538,95,609.6376894736828,0.6359603389473678,"{'bear_high_vol': {'trades': 53, 'win_rate': 0.5283018867924528, 'avg_pnl': 1015.9005716981064, 'total_pnl': 53842.73029999964, 'contribution': 0.9296760877670864}, 'bull_high_vol': {'trades': 42, 'win_rate': 0.47619047619047616, 'avg_pnl': 96.97262380952927, 'total_pnl': 4072.8502000002295, 'contribution': 0.07032391223291354}}"
50,0.5,2.0,0.01,24,30,55,75,9,15,4,"{'bear_high_vol': {'position_scale': 1.75, 'reward_risk': 2.5, 'stop_mult': 1.2, 'mfi_overbought': 55, 'trailing_stop': True}, 'bull_high_vol': {'position_scale': 1.0, 'reward_risk': 2.0, 'stop_mult': 1.2, 'mfi_overbought': 75, 'trailing_stop': True}, 'bear_med_vol': {'position_scale': 0.0, 'reward_risk': 2.0, 'stop_mult': 1.2}, 'bull_med_vol': {'position_scale': 0.0, 'reward_risk': 1.5, 'stop_mult': 1.2}, 'bull_low_vol': {'position_scale': 0.0, 'reward_risk': 1.5, 'stop_mult': 1.2}, 'bear_low_vol': {'position_scale': 0.0, 'reward_risk': 1.5, 'stop_mult': 1.2}}",53181.43029999995,0.8375499735970358,0.5161290322580645,-0.22641589157227474,93,571.8433365591393,0.6211889475268816,"{'bear_high_vol': {'trades': 52, 'win_rate': 0.5384615384615384, 'avg_pnl': 940.8521923076861, 'total_pnl': 48924.31399999968, 'contribution': 0.9199510754790611}, 'bull_high_vol': {'trades': 41, 'win_rate': 0.4878048780487805, 'avg_pnl': 103.8321048780556, 'total_pnl': 4257.11630000028, 'contribution': 0.0800489245209391}}"
50,0.5,2.0,0.01,24,30,55,75,9,15,5,"{'bear_high_vol': {'position_scale': 1.75, 'reward_risk': 2.5, 'stop_mult': 1.2, 'mfi_overbought': 55, 'trailing_stop': True}, 'bull_high_vol': {'position_scale': 1.0, 'reward_risk': 2.0, 'stop_mult': 1.2, 'mfi_overbought': 75, 'trailing_stop': True}, 'bear_med_vol': {'position_scale': 0.0, 'reward_risk': 2.0, 'stop_mult': 1.2}, 'bull_med_vol': {'position_scale': 0.0, 'reward_risk': 1.5, 'stop_mult': 1.2}, 'bull_low_vol': {'position_scale': 0.0, 'reward_risk': 1.5, 'stop_mult': 1.2}, 'bear_low_vol': {'position_scale': 0.0, 'reward_risk': 1.5, 'stop_mult': 1.2}}",52480.10279999999,0.905469652880879,0.5161290322580645,-0.19087530841916195,93,564.3021806451612,0.6181724851612903,"{'bear_high_vol': {'trades': 52, 'win_rate': 0.5384615384615384, 'avg_pnl': 901.8550999999941, 'total_pnl': 46896.46519999969, 'contribution': 0.8936046748749833}, 'bull_high_vol': {'trades': 41, 'win_rate': 0.4878048780487805, 'avg_pnl': 136.18628292683627, 'total_pnl': 5583.6376000002865, 'contribution': 0.10639532512501647}}"
50,0.5,2.0,0.01,24,30,55,75,9,20,2,"{'bear_high_vol': {'position_scale': 1.75, 'reward_risk': 2.5, 'stop_mult': 1.2, 'mfi_overbought': 55, 'trailing_stop': True}, 'bull_high_vol': {'position_scale': 1.0, 'reward_risk': 2.0, 'stop_mult': 1.2, 'mfi_overbought': 75, 'trailing_stop': True}, 'bear_med_vol': {'position_scale': 0.0, 'reward_risk': 2.0, 'stop_mult': 1.2}, 'bull_med_vol': {'position_scale': 0.0, 'reward_risk': 1.5, 'stop_mult': 1.2}, 'bull_low_vol': {'position_scale': 0.0, 'reward_risk': 1.5, 'stop_mult': 1.2}, 'bear_low_vol': {'position_scale': 0.0, 'reward_risk': 1.5, 'stop_mult': 1.2}}",117568.13199999987,1.0996972248092838,0.6057692307692307,-0.13792047149082942,104,1130.4628076923063,0.8423076923076924,"{'bear_high_vol': {'trades': 55, 'win_rate': 0.6, 'avg_pnl': 1922.1114309090897, 'total_pnl': 105716.12869999993, 'contribution': 0.899190340967568}, 'bull_high_vol': {'trades': 49, 'win_rate': 0.6122448979591837, 'avg_pnl': 241.87761836734583, 'total_pnl': 11852.003299999946, 'contribution': 0.10080965903243201}}"
50,0.5,2.0,0.01,24,30,55,75,9,20,3,"{'bear_high_vol': {'position_scale': 1.75, 'reward_risk': 2.5, 'stop_mult': 1.2, 'mfi_overbought': 55, 'trailing_stop': True}, 'bull_high_vol': {'position_scale': 1.0, 'reward_risk': 2.0, 'stop_mult': 1.2, 'mfi_overbought': 75, 'trailing_stop': True}, 'bear_med_vol': {'position_scale': 0.0, 'reward_risk': 2.0, 'stop_mult': 1.2}, 'bull_med_vol': {'position_scale': 0.0, 'reward_risk': 1.5, 'stop_mult': 1.2}, 'bull_low_vol': {'position_scale': 0.0, 'reward_risk': 1.5, 'stop_mult': 1.2}, 'bear_low_vol': {'position_scale': 0.0, 'reward_risk': 1.5, 'stop_mult': 1.2}}",88247.81889999995,1.1554872009762553,0.580952380952381,-0.1078725431550941,105,840.4554180952376,0.7685631196190474,"{'bear_high_vol': {'trades': 55, 'win_rate': 0.5636363636363636, 'avg_pnl': 1347.410143636364, 'total_pnl': 74107.55790000001, 'contribution': 0.8397664534233611}, 'bull_high_vol': {'trades': 50, 'win_rate': 0.6, 'avg_pnl': 282.80521999999905, 'total_pnl': 14140.260999999951, 'contribution': 0.16023354657663905}}"
50,0.5,2.0,0.01,24,30,55,75,9,20,4,"{'bear_high_vol': {'position_scale': 1.75, 'reward_risk': 2.5, 'stop_mult': 1.2, 'mfi_overbought': 55, 'trailing_stop': True}, 'bull_high_vol': {'position_scale': 1.0, 'reward_risk': 2.0, 'stop_mult': 1.2, 'mfi_overbought': 75, 'trailing_stop': True}, 'bear_med_vol': {'position_scale': 0.0, 'reward_risk': 2.0, 'stop_mult': 1.2}, 'bull_med_vol': {'position_scale': 0.0, 'reward_risk': 1.5, 'stop_mult': 1.2}, 'bull_low_vol': {'position_scale': 0.0, 'reward_risk': 1.5, 'stop_mult': 1.2}, 'bear_low_vol': {'position_scale': 0.0, 'reward_risk': 1.5, 'stop_mult': 1.2}}",78808.16580000006,1.1791379401337474,0.580952380952381,-0.10922657514645957,105,750.5539600000005,0.7326025363809525,"{'bear_high_vol': {'trades': 54, 'win_rate': 0.5740740740740741, 'avg_pnl': 1174.4766074074084, 'total_pnl': 63421.73680000006, 'contribution': 0.8047609807459827}, 'bull_high_vol': {'trades': 51, 'win_rate': 0.5882352941176471, 'avg_pnl': 301.69468627451005, 'total_pnl': 15386.429000000011, 'contribution': 0.19523901925401743}}"
50,0.5,2.0,0.01,24,30,55,75,9,20,5,"{'bear_high_vol': {'position_scale': 1.75, 'reward_risk': 2.5, 'stop_mult': 1.2, 'mfi_overbought': 55, 'trailing_stop': True}, 'bull_high_vol': {'position_scale': 1.0, 'reward_risk': 2.0, 'stop_mult': 1.2, 'mfi_overbought': 75, 'trailing_stop': True}, 'bear_med_vol': {'position_scale': 0.0, 'reward_risk': 2.0, 'stop_mult': 1.2}, 'bull_med_vol': {'position_scale': 0.0, 'reward_risk': 1.5, 'stop_mult': 1.2}, 'bull_low_vol': {'position_scale': 0.0, 'reward_risk': 1.5, 'stop_mult': 1.2}, 'bear_low_vol': {'position_scale': 0.0, 'reward_risk': 1.5, 'stop_mult': 1.2}}",79576.52299999999,1.2950239364071119,0.580952380952381,-0.08921249261057985,105,757.8716476190475,0.7355296114285714,"{'bear_high_vol': {'trades': 54, 'win_rate': 0.5740740740740741, 'avg_pnl': 1125.7846833333326, 'total_pnl': 60792.37289999996, 'contribution': 0.7639485944868434}, 'bull_high_vol': {'trades': 51, 'win_rate': 0.5882352941176471, 'avg_pnl': 368.31666862745124, 'total_pnl': 18784.150100000013, 'contribution': 0.2360514055131564}}"
50,0.5,2.0,0.01,24,30,55,75,9,25,2,"{'bear_high_vol': {'position_scale': 1.75, 'reward_risk': 2.5, 'stop_mult': 1.2, 'mfi_overbought': 55, 'trailing_stop': True}, 'bull_high_vol': {'position_scale': 1.0, 'reward_risk': 2.0, 'stop_mult': 1.2, 'mfi_overbought': 75, 'trailing_stop': True}, 'bear_med_vol': {'position_scale': 0.0, 'reward_risk': 2.0, 'stop_mult': 1.2}, 'bull_med_vol': {'position_scale': 0.0, 'reward_risk': 1.5, 'stop_mult': 1.2}, 'bull_low_vol': {'position_scale': 0.0, 'reward_risk': 1.5, 'stop_mult': 1.2}, 'bear_low_vol': {'position_scale': 0.0, 'reward_risk': 1.5, 'stop_mult': 1.2}}",109270.50339999977,1.0199764531692221,0.6017699115044248,-0.17084005432261645,113,966.9956053097325,0.8275062067256629,"{'bear_high_vol': {'trades': 65, 'win_rate': 0.6, 'avg_pnl': 1546.115563076917, 'total_pnl': 100497.5115999996, 'contribution': 0.9197130833388274}, 'bull_high_vol': {'trades': 48, 'win_rate': 0.6041666666666666, 'avg_pnl': 182.77066250000362, 'total_pnl': 8772.991800000174, 'contribution': 0.08028691666117274}}"
50,0.5,2.0,0.01,24,30,55,75,9,25,3,"{'bear_high_vol': {'position_scale': 1.75, 'reward_risk': 2.5, 'stop_mult': 1.2, 'mfi_overbought': 55, 'trailing_stop': True}, 'bull_high_vol': {'position_scale': 1.0, 'reward_risk': 2.0, 'stop_mult': 1.2, 'mfi_overbought': 75, 'trailing_stop': True}, 'bear_med_vol': {'position_scale': 0.0, 'reward_risk': 2.0, 'stop_mult': 1.2}, 'bull_med_vol': {'position_scale': 0.0, 'reward_risk': 1.5, 'stop_mult': 1.2}, 'bull_low_vol': {'position_scale': 0.0, 'reward_risk': 1.5, 'stop_mult': 1.2}, 'bear_low_vol': {'position_scale': 0.0, 'reward_risk': 1.5, 'stop_mult': 1.2}}",73535.11769999986,0.9440880688178261,0.5526315789473685,-0.13912026533455582,114,645.0448921052619,0.6790705884210522,"{'bear_high_vol': {'trades': 66, 'win_rate': 0.5454545454545454, 'avg_pnl': 975.4656727272692, 'total_pnl': 64380.73439999977, 'contribution': 0.8755100476299352}, 'bull_high_vol': {'trades': 48, 'win_rate': 0.5625, 'avg_pnl': 190.71631875000185, 'total_pnl': 9154.383300000089, 'contribution': 0.12448995237006477}}"
50,0.5,2.0,0.01,24,30,55,75,9,25,4,"{'bear_high_vol': {'position_scale': 1.75, 'reward_risk': 2.5, 'stop_mult': 1.2, 'mfi_overbought': 55, 'trailing_stop': True}, 'bull_high_vol': {'position_scale': 1.0, 'reward_risk': 2.0, 'stop_mult': 1.2, 'mfi_overbought': 75, 'trailing_stop': True}, 'bear_med_vol': {'position_scale': 0.0, 'reward_risk': 2.0, 'stop_mult': 1.2}, 'bull_med_vol': {'position_scale': 0.0, 'reward_risk': 1.5, 'stop_mult': 1.2}, 'bull_low_vol': {'position_scale': 0.0, 'reward_risk': 1.5, 'stop_mult': 1.2}, 'bear_low_vol': {'position_scale': 0.0, 'reward_risk': 1.5, 'stop_mult': 1.2}}",68133.19220000002,1.0069610637021609,0.5486725663716814,-0.12554471966774577,113,602.9486035398231,0.6606484679646019,"{'bear_high_vol': {'trades': 64, 'win_rate': 0.5625, 'avg_pnl': 897.7895781249985, 'total_pnl': 57458.5329999999, 'contribution': 0.8433265952273976}, 'bull_high_vol': {'trades': 49, 'win_rate': 0.5306122448979592, 'avg_pnl': 217.85018775510446, 'total_pnl': 10674.659200000118, 'contribution': 0.1566734047726024}}"
50,0.5,2.0,0.01,24,30,55,75,9,25,5,"{'bear_high_vol': {'position_scale': 1.75, 'reward_risk': 2.5, 'stop_mult': 1.2, 'mfi_overbought': 55, 'trailing_stop': True}, 'bull_high_vol': {'position_scale': 1.0, 'reward_risk': 2.0, 'stop_mult': 1.2, 'mfi_overbought': 75, 'trailing_stop': True}, 'bear_med_vol': {'position_scale': 0.0, 'reward_risk': 2.0, 'stop_mult': 1.2}, 'bull_med_vol': {'position_scale': 0.0, 'reward_risk': 1.5, 'stop_mult': 1.2}, 'bull_low_vol': {'position_scale': 0.0, 'reward_risk': 1.5, 'stop_mult': 1.2}, 'bear_low_vol': {'position_scale': 0.0, 'reward_risk': 1.5, 'stop_mult': 1.2}}",67862.80540000004,1.090132992266683,0.5486725663716814,-0.1109844641601913,113,600.5558000000003,0.6596913465486727,"{'bear_high_vol': {'trades': 64, 'win_rate': 0.5625, 'avg_pnl': 866.7379406249989, 'total_pnl': 55471.22819999993, 'contribution': 0.8174025207628669}, 'bull_high_vol': {'trades': 49, 'win_rate': 0.5306122448979592, 'avg_pnl': 252.88933061224702, 'total_pnl': 12391.577200000103, 'contribution': 0.182597479237133}}"
50,0.5,2.0,0.01,24,30,55,75,9,30,2,"{'bear_high_vol': {'position_scale': 1.75, 'reward_risk': 2.5, 'stop_mult': 1.2, 'mfi_overbought': 55, 'trailing_stop': True}, 'bull_high_vol': {'position_scale': 1.0, 'reward_risk': 2.0, 'stop_mult': 1.2, 'mfi_overbought': 75, 'trailing_stop': True}, 'bear_med_vol': {'position_scale': 0.0, 'reward_risk': 2.0, 'stop_mult': 1.2}, 'bull_med_vol': {'position_scale': 0.0, 'reward_risk': 1.5, 'stop_mult': 1.2}, 'bull_low_vol': {'position_scale': 0.0, 'reward_risk': 1.5, 'stop_mult': 1.2}, 'bear_low_vol': {'position_scale': 0.0, 'reward_risk': 1.5, 'stop_mult': 1.2}}",78997.0431999997,0.7814435361943468,0.5773195876288659,-0.13724274633327574,97,814.4025072164917,0.7506888379381431,"{'bear_high_vol': {'trades': 55, 'win_rate': 0.5818181818181818, 'avg_pnl': 1342.019161818177, 'total_pnl': 73811.05389999974, 'contribution': 0.9343521087634837}, 'bull_high_vol': {'trades': 42, 'win_rate': 0.5714285714285714, 'avg_pnl': 123.47593571428446, 'total_pnl': 5185.989299999947, 'contribution': 0.06564789123651615}}"
50,0.5,2.0,0.01,24,30,55,75,9,30,3,"{'bear_high_vol': {'position_scale': 1.75, 'reward_risk': 2.5, 'stop_mult': 1.2, 'mfi_overbought': 55, 'trailing_stop': True}, 'bull_high_vol': {'position_scale': 1.0, 'reward_risk': 2.0, 'stop_mult': 1.2, 'mfi_overbought': 75, 'trailing_stop': True}, 'bear_med_vol': {'position_scale': 0.0, 'reward_risk': 2.0, 'stop_mult': 1.2}, 'bull_med_vol': {'position_scale': 0.0, 'reward_risk': 1.5, 'stop_mult': 1.2}, 'bull_low_vol': {'position_scale': 0.0, 'reward_risk': 1.5, 'stop_mult': 1.2}, 'bear_low_vol': {'position_scale': 0.0, 'reward_risk': 1.5, 'stop_mult': 1.2}}",56287.48659999978,0.7728264337991338,0.5454545454545454,-0.13054756221478211,99,568.5604707070685,0.6436060064646456,"{'bear_high_vol': {'trades': 57, 'win_rate': 0.5614035087719298, 'avg_pnl': 964.5345263157859, 'total_pnl': 54978.4679999998, 'contribution': 0.976744056644377}, 'bull_high_vol': {'trades': 42, 'win_rate': 0.5238095238095238, 'avg_pnl': 31.167109523809184, 'total_pnl': 1309.0185999999858, 'contribution': 0.02325594335562304}}"
50,0.5,2.0,0.01,24,30,55,75,9,30,4,"{'bear_high_vol': {'position_scale': 1.75, 'reward_risk': 2.5, 'stop_mult': 1.2, 'mfi_overbought': 55, 'trailing_stop': True}, 'bull_high_vol': {'position_scale': 1.0, 'reward_risk': 2.0, 'stop_mult': 1.2, 'mfi_overbought': 75, 'trailing_stop': True}, 'bear_med_vol': {'position_scale': 0.0, 'reward_risk': 2.0, 'stop_mult': 1.2}, 'bull_med_vol': {'position_scale': 0.0, 'reward_risk': 1.5, 'stop_mult': 1.2}, 'bull_low_vol': {'position_scale': 0.0, 'reward_risk': 1.5, 'stop_mult': 1.2}, 'bear_low_vol': {'position_scale': 0.0, 'reward_risk': 1.5, 'stop_mult': 1.2}}",52250.19389999994,0.8268742956762571,0.5353535353535354,-0.1276863994629592,99,527.7797363636357,0.6232533086868686,"{'bear_high_vol': {'trades': 56, 'win_rate': 0.5714285714285714, 'avg_pnl': 894.6926767857124, 'total_pnl': 50102.789899999894, 'contribution': 0.9589015113683617}, 'bull_high_vol': {'trades': 43, 'win_rate': 0.4883720930232558, 'avg_pnl': 49.93962790697764, 'total_pnl': 2147.4040000000386, 'contribution': 0.04109848863163819}}"
50,0.5,2.0,0.01,24,30,55,75,9,30,5,"{'bear_high_vol': {'position_scale': 1.75, 'reward_risk': 2.5, 'stop_mult': 1.2, 'mfi_overbought': 55, 'trailing_stop': True}, 'bull_high_vol': {'position_scale': 1.0, 'reward_risk': 2.0, 'stop_mult': 1.2, 'mfi_overbought': 75, 'trailing_stop': True}, 'bear_med_vol': {'position_scale': 0.0, 'reward_risk': 2.0, 'stop_mult': 1.2}, 'bull_med_vol': {'position_scale': 0.0, 'reward_risk': 1.5, 'stop_mult': 1.2}, 'bull_low_vol': {'position_scale': 0.0, 'reward_risk': 1.5, 'stop_mult': 1.2}, 'bear_low_vol': {'position_scale': 0.0, 'reward_risk': 1.5, 'stop_mult': 1.2}}",53156.5839999999,0.912474332614378,0.54,-0.10412734297552813,100,531.565839999999,0.6286263359999996,"{'bear_high_vol': {'trades': 57, 'win_rate': 0.5614035087719298, 'avg_pnl': 847.5548070175417, 'total_pnl': 48310.62399999988, 'contribution': 0.9088361283712281}, 'bull_high_vol': {'trades': 43, 'win_rate': 0.5116279069767442, 'avg_pnl': 112.69674418604674, 'total_pnl': 4845.96000000001, 'contribution': 0.0911638716287717}}"
50,0.5,2.0,0.01,24,30,55,75,11,15,2,"{'bear_high_vol': {'position_scale': 1.75, 'reward_risk': 2.5, 'stop_mult': 1.2, 'mfi_overbought': 55, 'trailing_stop': True}, 'bull_high_vol': {'position_scale': 1.0, 'reward_risk': 2.0, 'stop_mult': 1.2, 'mfi_overbought': 75, 'trailing_stop': True}, 'bear_med_vol': {'position_scale': 0.0, 'reward_risk': 2.0, 'stop_mult': 1.2}, 'bull_med_vol': {'position_scale': 0.0, 'reward_risk': 1.5, 'stop_mult': 1.2}, 'bull_low_vol': {'position_scale': 0.0, 'reward_risk': 1.5, 'stop_mult': 1.2}, 'bear_low_vol': {'position_scale': 0.0, 'reward_risk': 1.5, 'stop_mult': 1.2}}",67987.16240000003,0.6264404237164151,0.48148148148148145,-0.34071583321106674,81,839.3476839506177,0.6903316661728397,"{'bear_high_vol': {'trades': 45, 'win_rate': 0.4888888888888889, 'avg_pnl': 1560.0279577777728, 'total_pnl': 70201.25809999977, 'contribution': 1.0325663790315764}, 'bull_high_vol': {'trades': 36, 'win_rate': 0.4722222222222222, 'avg_pnl': -61.50265833332647, 'total_pnl': -2214.095699999753, 'contribution': -0.03256637903157658}}"
50,0.5,2.0,0.01,24,30,55,75,11,15,3,"{'bear_high_vol': {'position_scale': 1.75, 'reward_risk': 2.5, 'stop_mult': 1.2, 'mfi_overbought': 55, 'trailing_stop': True}, 'bull_high_vol': {'position_scale': 1.0, 'reward_risk': 2.0, 'stop_mult': 1.2, 'mfi_overbought': 75, 'trailing_stop': True}, 'bear_med_vol': {'position_scale': 0.0, 'reward_risk': 2.0, 'stop_mult': 1.2}, 'bull_med_vol': {'position_scale': 0.0, 'reward_risk': 1.5, 'stop_mult': 1.2}, 'bull_low_vol': {'position_scale': 0.0, 'reward_risk': 1.5, 'stop_mult': 1.2}, 'bear_low_vol': {'position_scale': 0.0, 'reward_risk': 1.5, 'stop_mult': 1.2}}",47523.70169999995,0.6129641423200894,0.4578313253012048,-0.31507125485559845,83,572.5747192771078,0.578162417831325,"{'bear_high_vol': {'trades': 45, 'win_rate': 0.4888888888888889, 'avg_pnl': 1076.058311111106, 'total_pnl': 48422.62399999976, 'contribution': 1.0189152416130038}, 'bull_high_vol': {'trades': 38, 'win_rate': 0.42105263157894735, 'avg_pnl': -23.65584999999499, 'total_pnl': -898.9222999998096, 'contribution': -0.018915241613003616}}"
50,0.5,2.0,0.01,24,30,55,75,11,15,4,"{'bear_high_vol': {'position_scale': 1.75, 'reward_risk': 2.5, 'stop_mult': 1.2, 'mfi_overbought': 55, 'trailing_stop': True}, 'bull_high_vol': {'position_scale': 1.0, 'reward_risk': 2.0, 'stop_mult': 1.2, 'mfi_overbought': 75, 'trailing_stop': True}, 'bear_med_vol': {'position_scale': 0.0, 'reward_risk': 2.0, 'stop_mult': 1.2}, 'bull_med_vol': {'position_scale': 0.0, 'reward_risk': 1.5, 'stop_mult': 1.2}, 'bull_low_vol': {'position_scale': 0.0, 'reward_risk': 1.5, 'stop_mult': 1.2}, 'bear_low_vol': {'position_scale': 0.0, 'reward_risk': 1.5, 'stop_mult': 1.2}}",42025.92840000003,0.6396961151211054,0.4691358024691358,-0.29463753582216234,81,518.8386222222226,0.5571897698765435,"{'bear_high_vol': {'trades': 44, 'win_rate': 0.5, 'avg_pnl': 973.5849863636312, 'total_pnl': 42837.73939999977, 'contribution': 1.0193169081780413}, 'bull_high_vol': {'trades': 37, 'win_rate': 0.43243243243243246, 'avg_pnl': -21.940837837830927, 'total_pnl': -811.8109999997442, 'contribution': -0.01931690817804143}}"
50,0.5,2.0,0.01,24,30,55,75,11,15,5,"{'bear_high_vol': {'position_scale': 1.75, 'reward_risk': 2.5, 'stop_mult': 1.2, 'mfi_overbought': 55, 'trailing_stop': True}, 'bull_high_vol': {'position_scale': 1.0, 'reward_risk': 2.0, 'stop_mult': 1.2, 'mfi_overbought': 75, 'trailing_stop': True}, 'bear_med_vol': {'position_scale': 0.0, 'reward_risk': 2.0, 'stop_mult': 1.2}, 'bull_med_vol': {'position_scale': 0.0, 'reward_risk': 1.5, 'stop_mult': 1.2}, 'bull_low_vol': {'position_scale': 0.0, 'reward_risk': 1.5, 'stop_mult': 1.2}, 'bear_low_vol': {'position_scale': 0.0, 'reward_risk': 1.5, 'stop_mult': 1.2}}",38998.485600000065,0.6591758454350493,0.4691358024691358,-0.2737650649172528,81,481.462785185186,0.5422394350617288,"{'bear_high_vol': {'trades': 44, 'win_rate': 0.5, 'avg_pnl': 892.3799227272681, 'total_pnl': 39264.716599999796, 'contribution': 1.0068267009834795}, 'bull_high_vol': {'trades': 37, 'win_rate': 0.43243243243243246, 'avg_pnl': -7.195432432425304, 'total_pnl': -266.23099999973624, 'contribution': -0.00682670098347962}}"
50,0.5,2.0,0.01,24,30,55,75,11,20,2,"{'bear_high_vol': {'position_scale': 1.75, 'reward_risk': 2.5, 'stop_mult': 1.2, 'mfi_overbought': 55, 'trailing_stop': True}, 'bull_high_vol': {'position_scale': 1.0, 'reward_risk': 2.0, 'stop_mult': 1.2, 'mfi_overbought': 75, 'trailing_stop': True}, 'bear_med_vol': {'position_scale': 0.0, 'reward_risk': 2.0, 'stop_mult': 1.2}, 'bull_med_vol': {'position_scale': 0.0, 'reward_risk': 1.5, 'stop_mult': 1.2}, 'bull_low_vol': {'position_scale': 0.0, 'reward_risk': 1.5, 'stop_mult': 1.2}, 'bear_low_vol': {'position_scale': 0.0, 'reward_risk': 1.5, 'stop_mult': 1.2}}",88009.1711999998,0.7815553972413309,0.5287356321839081,-0.35803764683398953,87,1011.5996689655149,0.7854942528735633,"{'bear_high_vol': {'trades': 46, 'win_rate': 0.5652173913043478, 'avg_pnl': 2000.7896282608635, 'total_pnl': 92036.32289999972, 'contribution': 1.0457583186512265}, 'bull_high_vol': {'trades': 41, 'win_rate': 0.4878048780487805, 'avg_pnl': -98.22321219511998, 'total_pnl': -4027.1516999999194, 'contribution': -0.0457583186512263}}"
50,0.5,2.0,0.01,24,30,55,75,11,20,3,"{'bear_high_vol': {'position_scale': 1.75, 'reward_risk': 2.5, 'stop_mult': 1.2, 'mfi_overbought': 55, 'trailing_stop': True}, 'bull_high_vol': {'position_scale': 1.0, 'reward_risk': 2.0, 'stop_mult': 1.2, 'mfi_overbought': 75, 'trailing_stop': True}, 'bear_med_vol': {'position_scale': 0.0, 'reward_risk': 2.0, 'stop_mult': 1.2}, 'bull_med_vol': {'position_scale': 0.0, 'reward_risk': 1.5, 'stop_mult': 1.2}, 'bull_low_vol': {'position_scale': 0.0, 'reward_risk': 1.5, 'stop_mult': 1.2}, 'bear_low_vol': {'position_scale': 0.0, 'reward_risk': 1.5, 'stop_mult': 1.2}}",65568.39119999987,0.8256016939323969,0.5113636363636364,-0.29497184919687786,88,745.095354545453,0.6785835963636359,"{'bear_high_vol': {'trades': 46, 'win_rate': 0.5434782608695652, 'avg_pnl': 1484.868536956517, 'total_pnl': 68303.95269999978, 'contribution': 1.041720735402151}, 'bull_high_vol': {'trades': 42, 'win_rate': 0.47619047619047616, 'avg_pnl': -65.13241666666471, 'total_pnl': -2735.561499999918, 'contribution': -0.04172073540215096}}"
50,0.5,2.0,0.01,24,30,55,75,11,20,4,"{'bear_high_vol': {'position_scale': 1.75, 'reward_risk': 2.5, 'stop_mult': 1.2, 'mfi_overbought': 55, 'trailing_stop': True}, 'bull_high_vol': {'position_scale': 1.0, 'reward_risk': 2.0, 'stop_mult': 1.2, 'mfi_overbought': 75, 'trailing_stop': True}, 'bear_med_vol': {'position_scale': 0.0, 'reward_risk': 2.0, 'stop_mult': 1.2}, 'bull_med_vol': {'position_scale': 0.0, 'reward_risk': 1.5, 'stop_mult': 1.2}, 'bull_low_vol': {'position_scale': 0.0, 'reward_risk': 1.5, 'stop_mult': 1.2}, 'bear_low_vol': {'position_scale': 0.0, 'reward_risk': 1.5, 'stop_mult': 1.2}}",59255.01269999996,0.8710809836017959,0.5113636363636364,-0.25820512909129517,88,673.3524170454541,0.6498864213636363,"{'bear_high_vol': {'trades': 45, 'win_rate': 0.5555555555555556, 'avg_pnl': 1346.5894888888854, 'total_pnl': 60596.52699999984, 'contribution': 1.0226396761872583}, 'bull_high_vol': {'trades': 43, 'win_rate': 0.46511627906976744, 'avg_pnl': -31.198006976741322, 'total_pnl': -1341.5142999998768, 'contribution': -0.022639676187258293}}"
50,0.5,2.0,0.01,24,30,55,75,11,20,5,"{'bear_high_vol': {'position_scale': 1.75, 'reward_risk': 2.5, 'stop_mult': 1.2, 'mfi_overbought': 55, 'trailing_stop': True}, 'bull_high_vol': {'position_scale': 1.0, 'reward_risk': 2.0, 'stop_mult': 1.2, 'mfi_overbought': 75, 'trailing_stop': True}, 'bear_med_vol': {'position_scale': 0.0, 'reward_risk': 2.0, 'stop_mult': 1.2}, 'bull_med_vol': {'position_scale': 0.0, 'reward_risk': 1.5, 'stop_mult': 1.2}, 'bull_low_vol': {'position_scale': 0.0, 'reward_risk': 1.5, 'stop_mult': 1.2}, 'bear_low_vol': {'position_scale': 0.0, 'reward_risk': 1.5, 'stop_mult': 1.2}}",58075.951199999996,0.9369724772959959,0.5113636363636364,-0.21916734582110467,88,659.9539909090909,0.644527050909091,"{'bear_high_vol': {'trades': 45, 'win_rate': 0.5555555555555556, 'avg_pnl': 1248.0438822222195, 'total_pnl': 56161.974699999875, 'contribution': 0.9670435617419535}, 'bull_high_vol': {'trades': 43, 'win_rate': 0.46511627906976744, 'avg_pnl': 44.5110813953518, 'total_pnl': 1913.9765000001275, 'contribution': 0.0329564382580466}}"
50,0.5,2.0,0.01,24,30,55,75,11,25,2,"{'bear_high_vol': {'position_scale': 1.75, 'reward_risk': 2.5, 'stop_mult': 1.2, 'mfi_overbought': 55, 'trailing_stop': True}, 'bull_high_vol': {'position_scale': 1.0, 'reward_risk': 2.0, 'stop_mult': 1.2, 'mfi_overbought': 75, 'trailing_stop': True}, 'bear_med_vol': {'position_scale': 0.0, 'reward_risk': 2.0, 'stop_mult': 1.2}, 'bull_med_vol': {'position_scale': 0.0, 'reward_risk': 1.5, 'stop_mult': 1.2}, 'bull_low_vol': {'position_scale': 0.0, 'reward_risk': 1.5, 'stop_mult': 1.2}, 'bear_low_vol': {'position_scale': 0.0, 'reward_risk': 1.5, 'stop_mult': 1.2}}",68171.61499999977,0.6047777297707186,0.5247524752475248,-0.38673947371728956,101,674.9664851485126,0.6798875841584149,"{'bear_high_vol': {'trades': 59, 'win_rate': 0.5423728813559322, 'avg_pnl': 1320.4579898304996, 'total_pnl': 77907.02139999947, 'contribution': 1.1428073311744154}, 'bull_high_vol': {'trades': 42, 'win_rate': 0.5, 'avg_pnl': -231.7953904761834, 'total_pnl': -9735.406399999703, 'contribution': -0.14280733117441527}}"
50,0.5,2.0,0.01,24,30,55,75,11,25,3,"{'bear_high_vol': {'position_scale': 1.75, 'reward_risk': 2.5, 'stop_mult': 1.2, 'mfi_overbought': 55, 'trailing_stop': True}, 'bull_high_vol': {'position_scale': 1.0, 'reward_risk': 2.0, 'stop_mult': 1.2, 'mfi_overbought': 75, 'trailing_stop': True}, 'bear_med_vol': {'position_scale': 0.0, 'reward_risk': 2.0, 'stop_mult': 1.2}, 'bull_med_vol': {'position_scale': 0.0, 'reward_risk': 1.5, 'stop_mult': 1.2}, 'bull_low_vol': {'position_scale': 0.0, 'reward_risk': 1.5, 'stop_mult': 1.2}, 'bear_low_vol': {'position_scale': 0.0, 'reward_risk': 1.5, 'stop_mult': 1.2}}",45315.5700999998,0.5595775525837481,0.49019607843137253,-0.3315069805233252,102,444.27029509803725,0.573786549411764,"{'bear_high_vol': {'trades': 60, 'win_rate': 0.5166666666666667, 'avg_pnl': 883.9468149999934, 'total_pnl': 53036.8088999996, 'contribution': 1.1703882083566646}, 'bull_high_vol': {'trades': 42, 'win_rate': 0.4523809523809524, 'avg_pnl': -183.83901904761413, 'total_pnl': -7721.238799999794, 'contribution': -0.17038820835666432}}"
50,0.5,2.0,0.01,24,30,55,75,11,25,4,"{'bear_high_vol': {'position_scale': 1.75, 'reward_risk': 2.5, 'stop_mult': 1.2, 'mfi_overbought': 55, 'trailing_stop': True}, 'bull_high_vol': {'position_scale': 1.0, 'reward_risk': 2.0, 'stop_mult': 1.2, 'mfi_overbought': 75, 'trailing_stop': True}, 'bear_med_vol': {'position_scale': 0.0, 'reward_risk': 2.0, 'stop_mult': 1.2}, 'bull_med_vol': {'position_scale': 0.0, 'reward_risk': 1.5, 'stop_mult': 1.2}, 'bull_low_vol': {'position_scale': 0.0, 'reward_risk': 1.5, 'stop_mult': 1.2}, 'bear_low_vol': {'position_scale': 0.0, 'reward_risk': 1.5, 'stop_mult': 1.2}}",42771.81469999996,0.6181526529655375,0.48514851485148514,-0.28799789014395083,101,423.48331386138574,0.5634527314851483,"{'bear_high_vol': {'trades': 58, 'win_rate': 0.5344827586206896, 'avg_pnl': 814.4419206896508, 'total_pnl': 47237.63139999975, 'contribution': 1.104410269503945}, 'bull_high_vol': {'trades': 43, 'win_rate': 0.4186046511627907, 'avg_pnl': -103.85620232557643, 'total_pnl': -4465.816699999787, 'contribution': -0.10441026950394487}}"
50,0.5,2.0,0.01,24,30,55,75,11,25,5,"{'bear_high_vol': {'position_scale': 1.75, 'reward_risk': 2.5, 'stop_mult': 1.2, 'mfi_overbought': 55, 'trailing_stop': True}, 'bull_high_vol': {'position_scale': 1.0, 'reward_risk': 2.0, 'stop_mult': 1.2, 'mfi_overbought': 75, 'trailing_stop': True}, 'bear_med_vol': {'position_scale': 0.0, 'reward_risk': 2.0, 'stop_mult': 1.2}, 'bull_med_vol': {'position_scale': 0.0, 'reward_risk': 1.5, 'stop_mult': 1.2}, 'bull_low_vol': {'position_scale': 0.0, 'reward_risk': 1.5, 'stop_mult': 1.2}, 'bear_low_vol': {'position_scale': 0.0, 'reward_risk': 1.5, 'stop_mult': 1.2}}",42205.177200000006,0.6734535516341932,0.48514851485148514,-0.25903235032352745,101,417.87304158415844,0.5612086225742574,"{'bear_high_vol': {'trades': 58, 'win_rate': 0.5344827586206896, 'avg_pnl': 762.3285482758588, 'total_pnl': 44215.05579999981, 'contribution': 1.0476216126394988}, 'bull_high_vol': {'trades': 43, 'win_rate': 0.4186046511627907, 'avg_pnl': -46.74136279069319, 'total_pnl': -2009.8785999998072, 'contribution': -0.04762161263949881}}"
50,0.5,2.0,0.01,24,30,55,75,11,30,2,"{'bear_high_vol': {'position_scale': 1.75, 'reward_risk': 2.5, 'stop_mult': 1.2, 'mfi_overbought': 55, 'trailing_stop': True}, 'bull_high_vol': {'position_scale': 1.0, 'reward_risk': 2.0, 'stop_mult': 1.2, 'mfi_overbought': 75, 'trailing_stop': True}, 'bear_med_vol': {'position_scale': 0.0, 'reward_risk': 2.0, 'stop_mult': 1.2}, 'bull_med_vol': {'position_scale': 0.0, 'reward_risk': 1.5, 'stop_mult': 1.2}, 'bull_low_vol': {'position_scale': 0.0, 'reward_risk': 1.5, 'stop_mult': 1.2}, 'bear_low_vol': {'position_scale': 0.0, 'reward_risk': 1.5, 'stop_mult': 1.2}}",56114.65499999982,0.5306121623774143,0.5217391304347826,-0.32735422800570807,92,609.9419021739111,0.6366724130434775,"{'bear_high_vol': {'trades': 52, 'win_rate': 0.5576923076923077, 'avg_pnl': 1358.9251096153794, 'total_pnl': 70664.10569999972, 'contribution': 1.2592807654257154}, 'bull_high_vol': {'trades': 40, 'win_rate': 0.475, 'avg_pnl': -363.7362674999984, 'total_pnl': -14549.450699999936, 'contribution': -0.25928076542571604}}"
50,0.5,2.0,0.01,24,30,55,75,11,30,3,"{'bear_high_vol': {'position_scale': 1.75, 'reward_risk': 2.5, 'stop_mult': 1.2, 'mfi_overbought': 55, 'trailing_stop': True}, 'bull_high_vol': {'position_scale': 1.0, 'reward_risk': 2.0, 'stop_mult': 1.2, 'mfi_overbought': 75, 'trailing_stop': True}, 'bear_med_vol': {'position_scale': 0.0, 'reward_risk': 2.0, 'stop_mult': 1.2}, 'bull_med_vol': {'position_scale': 0.0, 'reward_risk': 1.5, 'stop_mult': 1.2}, 'bull_low_vol': {'position_scale': 0.0, 'reward_risk': 1.5, 'stop_mult': 1.2}, 'bear_low_vol': {'position_scale': 0.0, 'reward_risk': 1.5, 'stop_mult': 1.2}}",45663.438499999735,0.6034120675219262,0.4946236559139785,-0.2484821607493595,93,491.0047150537606,0.5802513483870957,"{'bear_high_vol': {'trades': 53, 'win_rate': 0.5471698113207547, 'avg_pnl': 1105.9674962264098, 'total_pnl': 58616.27729999972, 'contribution': 1.2836588576219476}, 'bull_high_vol': {'trades': 40, 'win_rate': 0.425, 'avg_pnl': -323.82096999999965, 'total_pnl': -12952.838799999987, 'contribution': -0.28365885762194765}}"
50,0.5,2.0,0.01,24,30,55,75,11,30,4,"{'bear_high_vol': {'position_scale': 1.75, 'reward_risk': 2.5, 'stop_mult': 1.2, 'mfi_overbought': 55, 'trailing_stop': True}, 'bull_high_vol': {'position_scale': 1.0, 'reward_risk': 2.0, 'stop_mult': 1.2, 'mfi_overbought': 75, 'trailing_stop': True}, 'bear_med_vol': {'position_scale': 0.0, 'reward_risk': 2.0, 'stop_mult': 1.2}, 'bull_med_vol': {'position_scale': 0.0, 'reward_risk': 1.5, 'stop_mult': 1.2}, 'bull_low_vol': {'position_scale': 0.0, 'reward_risk': 1.5, 'stop_mult': 1.2}, 'bear_low_vol': {'position_scale': 0.0, 'reward_risk': 1.5, 'stop_mult': 1.2}}",42878.879399999874,0.6594739181700532,0.4838709677419355,-0.22387677857913696,93,461.0632193548374,0.5639736748387092,"{'bear_high_vol': {'trades': 52, 'win_rate': 0.5576923076923077, 'avg_pnl': 1019.9649442307659, 'total_pnl': 53038.177099999826, 'contribution': 1.2369301120308658}, 'bull_high_vol': {'trades': 41, 'win_rate': 0.3902439024390244, 'avg_pnl': -247.78774878048637, 'total_pnl': -10159.297699999941, 'contribution': -0.2369301120308655}}"
50,0.5,2.0,0.01,24,30,55,75,11,30,5,"{'bear_high_vol': {'position_scale': 1.75, 'reward_risk': 2.5, 'stop_mult': 1.2, 'mfi_overbought': 55, 'trailing_stop': True}, 'bull_high_vol': {'position_scale': 1.0, 'reward_risk': 2.0, 'stop_mult': 1.2, 'mfi_overbought': 75, 'trailing_stop': True}, 'bear_med_vol': {'position_scale': 0.0, 'reward_risk': 2.0, 'stop_mult': 1.2}, 'bull_med_vol': {'position_scale': 0.0, 'reward_risk': 1.5, 'stop_mult': 1.2}, 'bull_low_vol': {'position_scale': 0.0, 'reward_risk': 1.5, 'stop_mult': 1.2}, 'bear_low_vol': {'position_scale': 0.0, 'reward_risk': 1.5, 'stop_mult': 1.2}}",42571.68539999997,0.7184729832896073,0.4838709677419355,-0.2021962599840765,93,457.7600580645158,0.5626524103225806,"{'bear_high_vol': {'trades': 52, 'win_rate': 0.5576923076923077, 'avg_pnl': 961.9748846153833, 'total_pnl': 50022.69399999993, 'contribution': 1.1750226360547136}, 'bull_high_vol': {'trades': 41, 'win_rate': 0.3902439024390244, 'avg_pnl': -181.73191707316968, 'total_pnl': -7451.0085999999565, 'contribution': -0.17502263605471352}}"
50,0.5,2.0,0.01,24,30,55,75,13,15,2,"{'bear_high_vol': {'position_scale': 1.75, 'reward_risk': 2.5, 'stop_mult': 1.2, 'mfi_overbought': 55, 'trailing_stop': True}, 'bull_high_vol': {'position_scale': 1.0, 'reward_risk': 2.0, 'stop_mult': 1.2, 'mfi_overbought': 75, 'trailing_stop': True}, 'bear_med_vol': {'position_scale': 0.0, 'reward_risk': 2.0, 'stop_mult': 1.2}, 'bull_med_vol': {'position_scale': 0.0, 'reward_risk': 1.5, 'stop_mult': 1.2}, 'bull_low_vol': {'position_scale': 0.0, 'reward_risk': 1.5, 'stop_mult': 1.2}, 'bear_low_vol': {'position_scale': 0.0, 'reward_risk': 1.5, 'stop_mult': 1.2}}",70625.94539999976,0.6580324874324283,0.47560975609756095,-0.3333079337382309,82,861.2920170731678,0.6987607092682916,"{'bear_high_vol': {'trades': 40, 'win_rate': 0.475, 'avg_pnl': 1848.0434724999855, 'total_pnl': 73921.73889999941, 'contribution': 1.0466654779816889}, 'bull_high_vol': {'trades': 42, 'win_rate': 0.47619047619047616, 'avg_pnl': -78.471273809516, 'total_pnl': -3295.7934999996723, 'contribution': -0.0466654779816892}}"
50,0.5,2.0,0.01,24,30,55,75,13,15,3,"{'bear_high_vol': {'position_scale': 1.75, 'reward_risk': 2.5, 'stop_mult': 1.2, 'mfi_overbought': 55, 'trailing_stop': True}, 'bull_high_vol': {'position_scale': 1.0, 'reward_risk': 2.0, 'stop_mult': 1.2, 'mfi_overbought': 75, 'trailing_stop': True}, 'bear_med_vol': {'position_scale': 0.0, 'reward_risk': 2.0, 'stop_mult': 1.2}, 'bull_med_vol': {'position_scale': 0.0, 'reward_risk': 1.5, 'stop_mult': 1.2}, 'bull_low_vol': {'position_scale': 0.0, 'reward_risk': 1.5, 'stop_mult': 1.2}, 'bear_low_vol': {'position_scale': 0.0, 'reward_risk': 1.5, 'stop_mult': 1.2}}",47590.98949999967,0.6179484311084646,0.42857142857142855,-0.31420957295407226,84,566.5593988095198,0.5660523309523794,"{'bear_high_vol': {'trades': 40, 'win_rate': 0.45, 'avg_pnl': 1235.6015599999846, 'total_pnl': 49424.062399999384, 'contribution': 1.0385172260391797}, 'bull_high_vol': {'trades': 44, 'win_rate': 0.4090909090909091, 'avg_pnl': -41.66074772726627, 'total_pnl': -1833.072899999716, 'contribution': -0.038517226039179724}}"
50,0.5,2.0,0.01,24,30,55,75,13,15,4,"{'bear_high_vol': {'position_scale': 1.75, 'reward_risk': 2.5, 'stop_mult': 1.2, 'mfi_overbought': 55, 'trailing_stop': True}, 'bull_high_vol': {'position_scale': 1.0, 'reward_risk': 2.0, 'stop_mult': 1.2, 'mfi_overbought': 75, 'trailing_stop': True}, 'bear_med_vol': {'position_scale': 0.0, 'reward_risk': 2.0, 'stop_mult': 1.2}, 'bull_med_vol': {'position_scale': 0.0, 'reward_risk': 1.5, 'stop_mult': 1.2}, 'bull_low_vol': {'position_scale': 0.0, 'reward_risk': 1.5, 'stop_mult': 1.2}, 'bear_low_vol': {'position_scale': 0.0, 'reward_risk': 1.5, 'stop_mult': 1.2}}",40984.42769999974,0.6217947307546754,0.43902439024390244,-0.3052192791375755,82,499.8100939024358,0.5395337936585354,"{'bear_high_vol': {'trades': 39, 'win_rate': 0.46153846153846156, 'avg_pnl': 1086.8656435897287, 'total_pnl': 42387.76009999942, 'contribution': 1.0342406245189484}, 'bull_high_vol': {'trades': 43, 'win_rate': 0.4186046511627907, 'avg_pnl': -32.635637209294835, 'total_pnl': -1403.3323999996778, 'contribution': -0.03424062451894837}}"
50,0.5,2.0,0.01,24,30,55,75,13,15,5,"{'bear_high_vol': {'position_scale': 1.75, 'reward_risk': 2.5, 'stop_mult': 1.2, 'mfi_overbought': 55, 'trailing_stop': True}, 'bull_high_vol': {'position_scale': 1.0, 'reward_risk': 2.0, 'stop_mult': 1.2, 'mfi_overbought': 75, 'trailing_stop': True}, 'bear_med_vol': {'position_scale': 0.0, 'reward_risk': 2.0, 'stop_mult': 1.2}, 'bull_med_vol': {'position_scale': 0.0, 'reward_risk': 1.5, 'stop_mult': 1.2}, 'bull_low_vol': {'position_scale': 0.0, 'reward_risk': 1.5, 'stop_mult': 1.2}, 'bear_low_vol': {'position_scale': 0.0, 'reward_risk': 1.5, 'stop_mult': 1.2}}",38053.13689999977,0.6358063080559767,0.43902439024390244,-0.2901575140390248,82,464.06264512194844,0.5252348141463404,"{'bear_high_vol': {'trades': 39, 'win_rate': 0.46153846153846156, 'avg_pnl': 966.93146410255, 'total_pnl': 37710.32709999945, 'contribution': 0.9909912867130719}, 'bull_high_vol': {'trades': 43, 'win_rate': 0.4186046511627907, 'avg_pnl': 7.972320930240062, 'total_pnl': 342.80980000032264, 'contribution': 0.009008713286928118}}"
50,0.5,2.0,0.01,24,30,55,75,13,20,2,"{'bear_high_vol': {'position_scale': 1.75, 'reward_risk': 2.5, 'stop_mult': 1.2, 'mfi_overbought': 55, 'trailing_stop': True}, 'bull_high_vol': {'position_scale': 1.0, 'reward_risk': 2.0, 'stop_mult': 1.2, 'mfi_overbought': 75, 'trailing_stop': True}, 'bear_med_vol': {'position_scale': 0.0, 'reward_risk': 2.0, 'stop_mult': 1.2}, 'bull_med_vol': {'position_scale': 0.0, 'reward_risk': 1.5, 'stop_mult': 1.2}, 'bull_low_vol': {'position_scale': 0.0, 'reward_risk': 1.5, 'stop_mult': 1.2}, 'bear_low_vol': {'position_scale': 0.0, 'reward_risk': 1.5, 'stop_mult': 1.2}}",93978.15969999973,0.8324450487539538,0.5280898876404494,-0.2666192094734977,89,1055.9343786516824,0.7892359550561798,"{'bear_high_vol': {'trades': 45, 'win_rate': 0.5555555555555556, 'avg_pnl': 2012.806064444437, 'total_pnl': 90576.27289999966, 'contribution': 0.9638013043577393}, 'bull_high_vol': {'trades': 44, 'win_rate': 0.5, 'avg_pnl': 77.31560909091064, 'total_pnl': 3401.8868000000684, 'contribution': 0.03619869564226079}}"
50,0.5,2.0,0.01,24,30,55,75,13,20,3,"{'bear_high_vol': {'position_scale': 1.75, 'reward_risk': 2.5, 'stop_mult': 1.2, 'mfi_overbought': 55, 'trailing_stop': True}, 'bull_high_vol': {'position_scale': 1.0, 'reward_risk': 2.0, 'stop_mult': 1.2, 'mfi_overbought': 75, 'trailing_stop': True}, 'bear_med_vol': {'position_scale': 0.0, 'reward_risk': 2.0, 'stop_mult': 1.2}, 'bull_med_vol': {'position_scale': 0.0, 'reward_risk': 1.5, 'stop_mult': 1.2}, 'bull_low_vol': {'position_scale': 0.0, 'reward_risk': 1.5, 'stop_mult': 1.2}, 'bear_low_vol': {'position_scale': 0.0, 'reward_risk': 1.5, 'stop_mult': 1.2}}",73184.23069999977,0.9075688774089486,0.5,-0.20600930787581753,90,813.1581188888863,0.7052632475555546,"{'bear_high_vol': {'trades': 45, 'win_rate': 0.5333333333333333, 'avg_pnl': 1573.2287777777706, 'total_pnl': 70795.29499999968, 'contribution': 0.9673572342408991}, 'bull_high_vol': {'trades': 45, 'win_rate': 0.4666666666666667, 'avg_pnl': 53.08746000000155, 'total_pnl': 2388.9357000000696, 'contribution': 0.03264276575910058}}"
50,0.5,2.0,0.01,24,30,55,75,13,20,4,"{'bear_high_vol': {'position_scale': 1.75, 'reward_risk': 2.5, 'stop_mult': 1.2, 'mfi_overbought': 55, 'trailing_stop': True}, 'bull_high_vol': {'position_scale': 1.0, 'reward_risk': 2.0, 'stop_mult': 1.2, 'mfi_overbought': 75, 'trailing_stop': True}, 'bear_med_vol': {'position_scale': 0.0, 'reward_risk': 2.0, 'stop_mult': 1.2}, 'bull_med_vol': {'position_scale': 0.0, 'reward_risk': 1.5, 'stop_mult': 1.2}, 'bull_low_vol': {'position_scale': 0.0, 'reward_risk': 1.5, 'stop_mult': 1.2}, 'bear_low_vol': {'position_scale': 0.0, 'reward_risk': 1.5, 'stop_mult': 1.2}}",67098.4862999998,0.9609003734545316,0.5,-0.18902674855098023,90,745.5387366666645,0.6782154946666659,"{'bear_high_vol': {'trades': 44, 'win_rate': 0.5454545454545454, 'avg_pnl': 1465.7856340909027, 'total_pnl': 64494.56789999972, 'contribution': 0.961192591016765}, 'bull_high_vol': {'trades': 46, 'win_rate': 0.45652173913043476, 'avg_pnl': 56.60692173913226, 'total_pnl': 2603.918400000084, 'contribution': 0.03880740898323502}}"
50,0.5,2.0,0.01,24,30,55,75,13,20,5,"{'bear_high_vol': {'position_scale': 1.75, 'reward_risk': 2.5, 'stop_mult': 1.2, 'mfi_overbought': 55, 'trailing_stop': True}, 'bull_high_vol': {'position_scale': 1.0, 'reward_risk': 2.0, 'stop_mult': 1.2, 'mfi_overbought': 75, 'trailing_stop': True}, 'bear_med_vol': {'position_scale': 0.0, 'reward_risk': 2.0, 'stop_mult': 1.2}, 'bull_med_vol': {'position_scale': 0.0, 'reward_risk': 1.5, 'stop_mult': 1.2}, 'bull_low_vol': {'position_scale': 0.0, 'reward_risk': 1.5, 'stop_mult': 1.2}, 'bear_low_vol': {'position_scale': 0.0, 'reward_risk': 1.5, 'stop_mult': 1.2}}",66970.93889999983,1.0453239009242394,0.5,-0.1619678922441432,90,744.1215433333315,0.6776486173333326,"{'bear_high_vol': {'trades': 44, 'win_rate': 0.5454545454545454, 'avg_pnl': 1382.1527227272672, 'total_pnl': 60814.71979999976, 'contribution': 0.9080762611198797}, 'bull_high_vol': {'trades': 46, 'win_rate': 0.45652173913043476, 'avg_pnl': 133.8308500000019, 'total_pnl': 6156.219100000088, 'contribution': 0.09192373888012048}}"
50,0.5,2.0,0.01,24,30,55,75,13,25,2,"{'bear_high_vol': {'position_scale': 1.75, 'reward_risk': 2.5, 'stop_mult': 1.2, 'mfi_overbought': 55, 'trailing_stop': True}, 'bull_high_vol': {'position_scale': 1.0, 'reward_risk': 2.0, 'stop_mult': 1.2, 'mfi_overbought': 75, 'trailing_stop': True}, 'bear_med_vol': {'position_scale': 0.0, 'reward_risk': 2.0, 'stop_mult': 1.2}, 'bull_med_vol': {'position_scale': 0.0, 'reward_risk': 1.5, 'stop_mult': 1.2}, 'bull_low_vol': {'position_scale': 0.0, 'reward_risk': 1.5, 'stop_mult': 1.2}, 'bear_low_vol': {'position_scale': 0.0, 'reward_risk': 1.5, 'stop_mult': 1.2}}",88857.9197999999,0.7852044100639031,0.5408163265306123,-0.2522516054678984,98,906.7134673469378,0.7750119175510202,"{'bear_high_vol': {'trades': 55, 'win_rate': 0.5454545454545454, 'avg_pnl': 1690.4871272727214, 'total_pnl': 92976.79199999968, 'contribution': 1.046353461900419}, 'bull_high_vol': {'trades': 43, 'win_rate': 0.5348837209302325, 'avg_pnl': -95.78772558139052, 'total_pnl': -4118.872199999792, 'contribution': -0.04635346190041911}}"
50,0.5,2.0,0.01,24,30,55,75,13,25,3,"{'bear_high_vol': {'position_scale': 1.75, 'reward_risk': 2.5, 'stop_mult': 1.2, 'mfi_overbought': 55, 'trailing_stop': True}, 'bull_high_vol': {'position_scale': 1.0, 'reward_risk': 2.0, 'stop_mult': 1.2, 'mfi_overbought': 75, 'trailing_stop': True}, 'bear_med_vol': {'position_scale': 0.0, 'reward_risk': 2.0, 'stop_mult': 1.2}, 'bull_med_vol': {'position_scale': 0.0, 'reward_risk': 1.5, 'stop_mult': 1.2}, 'bull_low_vol': {'position_scale': 0.0, 'reward_risk': 1.5, 'stop_mult': 1.2}, 'bear_low_vol': {'position_scale': 0.0, 'reward_risk': 1.5, 'stop_mult': 1.2}}",66799.49709999986,0.8112849383614,0.494949494949495,-0.19176902840094295,99,674.7423949494936,0.6658767559595955,"{'bear_high_vol': {'trades': 56, 'win_rate': 0.5178571428571429, 'avg_pnl': 1222.2751553571381, 'total_pnl': 68447.40869999974, 'contribution': 1.0246695210524255}, 'bull_high_vol': {'trades': 43, 'win_rate': 0.46511627906976744, 'avg_pnl': -38.32352558139228, 'total_pnl': -1647.911599999868, 'contribution': -0.02466952105242528}}"
50,0.5,2.0,0.01,24,30,55,75,13,25,4,"{'bear_high_vol': {'position_scale': 1.75, 'reward_risk': 2.5, 'stop_mult': 1.2, 'mfi_overbought': 55, 'trailing_stop': True}, 'bull_high_vol': {'position_scale': 1.0, 'reward_risk': 2.0, 'stop_mult': 1.2, 'mfi_overbought': 75, 'trailing_stop': True}, 'bear_med_vol': {'position_scale': 0.0, 'reward_risk': 2.0, 'stop_mult': 1.2}, 'bull_med_vol': {'position_scale': 0.0, 'reward_risk': 1.5, 'stop_mult': 1.2}, 'bull_low_vol': {'position_scale': 0.0, 'reward_risk': 1.5, 'stop_mult': 1.2}, 'bear_low_vol': {'position_scale': 0.0, 'reward_risk': 1.5, 'stop_mult': 1.2}}",63491.83889999999,0.8898452419881752,0.4897959183673469,-0.16864655244563,98,647.875907142857,0.6510687302040816,"{'bear_high_vol': {'trades': 54, 'win_rate': 0.5370370370370371, 'avg_pnl': 1166.126535185182, 'total_pnl': 62970.832899999834, 'contribution': 0.991794126473156}, 'bull_high_vol': {'trades': 44, 'win_rate': 0.4318181818181818, 'avg_pnl': 11.841045454548997, 'total_pnl': 521.0060000001558, 'contribution': 0.00820587352684403}}"
50,0.5,2.0,0.01,24,30,55,75,13,25,5,"{'bear_high_vol': {'position_scale': 1.75, 'reward_risk': 2.5, 'stop_mult': 1.2, 'mfi_overbought': 55, 'trailing_stop': True}, 'bull_high_vol': {'position_scale': 1.0, 'reward_risk': 2.0, 'stop_mult': 1.2, 'mfi_overbought': 75, 'trailing_stop': True}, 'bear_med_vol': {'position_scale': 0.0, 'reward_risk': 2.0, 'stop_mult': 1.2}, 'bull_med_vol': {'position_scale': 0.0, 'reward_risk': 1.5, 'stop_mult': 1.2}, 'bull_low_vol': {'position_scale': 0.0, 'reward_risk': 1.5, 'stop_mult': 1.2}, 'bear_low_vol': {'position_scale': 0.0, 'reward_risk': 1.5, 'stop_mult': 1.2}}",62286.20720000005,0.951213849237146,0.4897959183673469,-0.1533940794123021,98,635.5735428571434,0.6461477844897962,"{'bear_high_vol': {'trades': 54, 'win_rate': 0.5370370370370371, 'avg_pnl': 1102.3870962962942, 'total_pnl': 59528.903199999884, 'contribution': 0.955731708126865}, 'bull_high_vol': {'trades': 44, 'win_rate': 0.4318181818181818, 'avg_pnl': 62.66600000000329, 'total_pnl': 2757.3040000001447, 'contribution': 0.04426829187313468}}"
50,0.5,2.0,0.01,24,30,55,75,13,30,2,"{'bear_high_vol': {'position_scale': 1.75, 'reward_risk': 2.5, 'stop_mult': 1.2, 'mfi_overbought': 55, 'trailing_stop': True}, 'bull_high_vol': {'position_scale': 1.0, 'reward_risk': 2.0, 'stop_mult': 1.2, 'mfi_overbought': 75, 'trailing_stop': True}, 'bear_med_vol': {'position_scale': 0.0, 'reward_risk': 2.0, 'stop_mult': 1.2}, 'bull_med_vol': {'position_scale': 0.0, 'reward_risk': 1.5, 'stop_mult': 1.2}, 'bull_low_vol': {'position_scale': 0.0, 'reward_risk': 1.5, 'stop_mult': 1.2}, 'bear_low_vol': {'position_scale': 0.0, 'reward_risk': 1.5, 'stop_mult': 1.2}}",64068.524599999866,0.5886922998847826,0.5227272727272727,-0.2668188802873389,88,728.0514159090894,0.6763114754545448,"{'bear_high_vol': {'trades': 50, 'win_rate': 0.54, 'avg_pnl': 1441.6420759999985, 'total_pnl': 72082.10379999992, 'contribution': 1.1250782541042013}, 'bull_high_vol': {'trades': 38, 'win_rate': 0.5, 'avg_pnl': -210.8836631578963, 'total_pnl': -8013.57920000006, 'contribution': -0.12507825410420137}}"
50,0.5,2.0,0.01,24,30,55,75,13,30,3,"{'bear_high_vol': {'position_scale': 1.75, 'reward_risk': 2.5, 'stop_mult': 1.2, 'mfi_overbought': 55, 'trailing_stop': True}, 'bull_high_vol': {'position_scale': 1.0, 'reward_risk': 2.0, 'stop_mult': 1.2, 'mfi_overbought': 75, 'trailing_stop': True}, 'bear_med_vol': {'position_scale': 0.0, 'reward_risk': 2.0, 'stop_mult': 1.2}, 'bull_med_vol': {'position_scale': 0.0, 'reward_risk': 1.5, 'stop_mult': 1.2}, 'bull_low_vol': {'position_scale': 0.0, 'reward_risk': 1.5, 'stop_mult': 1.2}, 'bear_low_vol': {'position_scale': 0.0, 'reward_risk': 1.5, 'stop_mult': 1.2}}",52306.45299999977,0.6515505880489092,0.48314606741573035,-0.18646242645596556,89,587.7129550561772,0.606343608988763,"{'bear_high_vol': {'trades': 51, 'win_rate': 0.5294117647058824, 'avg_pnl': 1179.1342627450952, 'total_pnl': 60135.84739999985, 'contribution': 1.149683145213462}, 'bull_high_vol': {'trades': 38, 'win_rate': 0.42105263157894735, 'avg_pnl': -206.03669473684408, 'total_pnl': -7829.394400000075, 'contribution': -0.1496831452134617}}"
50,0.5,2.0,0.01,24,30,55,75,13,30,4,"{'bear_high_vol': {'position_scale': 1.75, 'reward_risk': 2.5, 'stop_mult': 1.2, 'mfi_overbought': 55, 'trailing_stop': True}, 'bull_high_vol': {'position_scale': 1.0, 'reward_risk': 2.0, 'stop_mult': 1.2, 'mfi_overbought': 75, 'trailing_stop': True}, 'bear_med_vol': {'position_scale': 0.0, 'reward_risk': 2.0, 'stop_mult': 1.2}, 'bull_med_vol': {'position_scale': 0.0, 'reward_risk': 1.5, 'stop_mult': 1.2}, 'bull_low_vol': {'position_scale': 0.0, 'reward_risk': 1.5, 'stop_mult': 1.2}, 'bear_low_vol': {'position_scale': 0.0, 'reward_risk': 1.5, 'stop_mult': 1.2}}",49117.2570999999,0.6989458039824161,0.47191011235955055,-0.17544588129341177,89,551.8792932584258,0.5875157622471906,"{'bear_high_vol': {'trades': 50, 'win_rate': 0.54, 'avg_pnl': 1108.0514239999986, 'total_pnl': 55402.57119999993, 'contribution': 1.127965494636712}, 'bull_high_vol': {'trades': 39, 'win_rate': 0.38461538461538464, 'avg_pnl': -161.16190000000086, 'total_pnl': -6285.314100000033, 'contribution': -0.12796549463671184}}"
50,0.5,2.0,0.01,24,30,55,75,13,30,5,"{'bear_high_vol': {'position_scale': 1.75, 'reward_risk': 2.5, 'stop_mult': 1.2, 'mfi_overbought': 55, 'trailing_stop': True}, 'bull_high_vol': {'position_scale': 1.0, 'reward_risk': 2.0, 'stop_mult': 1.2, 'mfi_overbought': 75, 'trailing_stop': True}, 'bear_med_vol': {'position_scale': 0.0, 'reward_risk': 2.0, 'stop_mult': 1.2}, 'bull_med_vol': {'position_scale': 0.0, 'reward_risk': 1.5, 'stop_mult': 1.2}, 'bull_low_vol': {'position_scale': 0.0, 'reward_risk': 1.5, 'stop_mult': 1.2}, 'bear_low_vol': {'position_scale': 0.0, 'reward_risk': 1.5, 'stop_mult': 1.2}}",48927.740299999976,0.7557323006811246,0.47191011235955055,-0.14912421945540602,89,549.7498910112357,0.5866640013483145,"{'bear_high_vol': {'trades': 50, 'win_rate': 0.54, 'avg_pnl': 1059.0440620000002, 'total_pnl': 52952.20310000001, 'contribution': 1.0822531916520992}, 'bull_high_vol': {'trades': 39, 'win_rate': 0.38461538461538464, 'avg_pnl': -103.19135384615474, 'total_pnl': -4024.462800000035, 'contribution': -0.08225319165209918}}"
